Year,Country,Christians,Muslims,Unaffiliated,Hindus,Buddhists,Folk Religions,Other Religions,Jews,All Religions
2010,Afghanistan,30000,31330000,<10000,10000,<10000,<10000,20000,<10000,31410000
2010,Albania,580000,2570000,50000,<10000,<10000,<10000,<10000,<10000,3200000
2010,Algeria,60000,34730000,660000,<10000,<10000,10000,<10000,<10000,35470000
2010,American Samoa,50000,<10000,<10000,<10000,<10000,<10000,<10000,<10000,60000
2010,Andorra,70000,<10000,<10000,<10000,<10000,<10000,<10000,<10000,80000
2010,Angola,17270000,40000,980000,<10000,<10000,790000,<10000,<10000,19080000
2010,Anguilla,10000,<10000,<10000,<10000,<10000,<10000,<10000,<10000,10000
2010,Antigua and Barbuda,80000,<10000,<10000,<10000,<10000,<10000,<10000,<10000,90000
2010,Argentina,34420000,400000,4920000,<10000,20000,330000,120000,200000,40410000
2010,Armenia,3050000,<10000,40000,<10000,<10000,<10000,<10000,<10000,3090000
2010,Aruba,100000,<10000,<10000,<10000,<10000,<10000,<10000,<10000,110000
2010,Australia,14980000,540000,5390000,310000,600000,150000,180000,110000,22270000
2010,Austria,6750000,450000,1130000,<10000,20000,<10000,10000,10000,8390000
2010,Azerbaijan,280000,8900000,<10000,<10000,<10000,<10000,<10000,<10000,9190000
2010,Bahamas,330000,<10000,10000,<10000,<10000,<10000,<10000,<10000,340000
2010,Bahrain,180000,890000,20000,120000,30000,<10000,<10000,<10000,1260000
2010,Bangladesh,450000,134430000,<10000,12680000,920000,100000,100000,<10000,148690000
2010,Barbados,260000,<10000,<10000,<10000,<10000,<10000,<10000,<10000,270000
2010,Belarus,6830000,20000,2740000,<10000,<10000,<10000,<10000,<10000,9600000
2010,Belgium,6880000,630000,3110000,<10000,30000,20000,10000,30000,10710000
2010,Belize,270000,<10000,30000,<10000,<10000,<10000,<10000,<10000,310000
2010,Benin,4690000,2110000,450000,<10000,<10000,1600000,<10000,<10000,8850000
2010,Bermuda,50000,<10000,10000,<10000,<10000,<10000,<10000,<10000,60000
2010,Bhutan,<10000,<10000,<10000,160000,540000,10000,<10000,<10000,730000
2010,Bolivia,9330000,<10000,400000,<10000,<10000,90000,100000,<10000,9930000
2010,Bosnia-Herzegovina,1970000,1700000,90000,<10000,<10000,<10000,<10000,<10000,3760000
2010,Botswana,1450000,<10000,410000,<10000,<10000,120000,10000,<10000,2010000
2010,Brazil,173300000,40000,15410000,<10000,250000,5540000,300000,110000,194950000
2010,British Virgin Islands,20000,<10000,<10000,<10000,<10000,<10000,<10000,<10000,30000
2010,Brunei,40000,300000,<10000,<10000,30000,20000,<10000,<10000,400000
2010,Bulgaria,6150000,1020000,310000,<10000,<10000,<10000,<10000,<10000,7490000
2010,Burkina Faso,3710000,10150000,70000,<10000,<10000,2530000,<10000,<10000,16470000
2010,Burundi,7670000,230000,<10000,<10000,<10000,480000,<10000,<10000,8380000
2010,Cambodia,50000,280000,30000,<10000,13690000,80000,<10000,<10000,14140000
2010,Cameroon,13780000,3590000,1050000,<10000,<10000,650000,530000,<10000,19600000
2010,Canada,23470000,710000,8050000,470000,280000,390000,300000,350000,34020000
2010,Cape Verde,440000,<10000,50000,<10000,<10000,<10000,<10000,<10000,500000
2010,Cayman Islands,50000,<10000,<10000,<10000,<10000,<10000,<10000,<10000,60000
2010,Central African Republic,3940000,370000,40000,<10000,<10000,40000,<10000,<10000,4400000
2010,Chad,4560000,6210000,280000,<10000,<10000,160000,20000,<10000,11230000
2010,Channel Islands,130000,<10000,20000,<10000,<10000,<10000,<10000,<10000,150000
2010,Chile,15300000,<10000,1470000,<10000,10000,260000,30000,20000,17110000
2010,China,68410000,24690000,700680000,20000,244110000,294300000,9080000,<10000,1341310000
2010,Colombia,42810000,10000,3050000,<10000,<10000,370000,40000,<10000,46290000
2010,Comoros,<10000,720000,<10000,<10000,<10000,<10000,<10000,<10000,730000
2010,Republic of the Congo,3470000,50000,360000,<10000,<10000,110000,40000,<10000,4040000
2010,Democratic Republic of the Congo,63210000,970000,1170000,30000,<10000,490000,100000,<10000,65970000
2010,Cook Islands,20000,<10000,<10000,<10000,<10000,<10000,<10000,<10000,20000
2010,Costa Rica,4230000,<10000,370000,<10000,<10000,40000,10000,<10000,4660000
2010,Ivory Coast,8710000,7390000,1570000,<10000,<10000,2020000,30000,<10000,19740000
2010,Croatia,4110000,60000,230000,<10000,<10000,<10000,<10000,<10000,4400000
2010,Cuba,6670000,<10000,2590000,20000,<10000,1960000,<10000,<10000,11260000
2010,Cyprus,810000,280000,10000,<10000,<10000,<10000,<10000,<10000,1100000
2010,Czech Republic,2450000,<10000,8020000,<10000,<10000,<10000,<10000,<10000,10490000
2010,Denmark,4630000,230000,650000,20000,10000,<10000,<10000,<10000,5550000
2010,Djibouti,20000,860000,<10000,<10000,<10000,<10000,<10000,<10000,890000
2010,Dominica,70000,<10000,<10000,<10000,<10000,<10000,<10000,<10000,70000
2010,Dominican Republic,8740000,<10000,1080000,<10000,<10000,90000,10000,<10000,9930000
2010,Ecuador,13610000,<10000,800000,<10000,<10000,40000,<10000,<10000,14460000
2010,Egypt,4120000,76990000,<10000,<10000,<10000,<10000,<10000,<10000,81120000
2010,El Salvador,5460000,<10000,680000,<10000,<10000,30000,20000,<10000,6190000
2010,Equatorial Guinea,620000,30000,30000,<10000,<10000,10000,<10000,<10000,700000
2010,Eritrea,3310000,1920000,<10000,<10000,<10000,20000,<10000,<10000,5250000
2010,Estonia,540000,<10000,800000,<10000,<10000,<10000,<10000,<10000,1340000
2010,Ethiopia,52070000,28680000,50000,<10000,<10000,2130000,<10000,<10000,82950000
2010,Faeroe Islands,50000,<10000,<10000,<10000,<10000,<10000,<10000,<10000,50000
2010,Falkland Islands (Malvinas),<10000,<10000,<10000,<10000,<10000,<10000,<10000,<10000,<10000
2010,Fiji,550000,50000,<10000,240000,<10000,<10000,<10000,<10000,860000
2010,Finland,4300000,40000,1020000,<10000,<10000,<10000,<10000,<10000,5360000
2010,France,39560000,4710000,17580000,30000,280000,220000,100000,310000,62790000
2010,French Guiana,200000,<10000,<10000,<10000,<10000,20000,<10000,<10000,230000
2010,French Polynesia,250000,<10000,10000,<10000,<10000,<10000,<10000,<10000,270000
2010,Gabon,1150000,170000,80000,<10000,<10000,90000,<10000,<10000,1510000
2010,Gambia,80000,1640000,<10000,<10000,<10000,<10000,<10000,<10000,1730000
2010,Georgia,3850000,470000,30000,<10000,<10000,<10000,<10000,<10000,4350000
2010,Germany,56540000,4760000,20350000,80000,210000,40000,100000,230000,82300000
2010,Ghana,18260000,3860000,1020000,<10000,<10000,1200000,40000,<10000,24390000
2010,Gibraltar,30000,<10000,<10000,<10000,<10000,<10000,<10000,<10000,30000
2010,Greece,10010000,610000,700000,20000,<10000,10000,<10000,<10000,11360000
2010,Greenland,50000,<10000,<10000,<10000,<10000,<10000,<10000,<10000,60000
2010,Grenada,100000,<10000,<10000,<10000,<10000,<10000,<10000,<10000,100000
2010,Guadeloupe,440000,<10000,10000,<10000,<10000,<10000,<10000,<10000,460000
2010,Guam,170000,<10000,<10000,<10000,<10000,<10000,<10000,<10000,180000
2010,Guatemala,13690000,<10000,590000,<10000,<10000,80000,10000,<10000,14390000
2010,Guinea,1090000,8430000,180000,<10000,<10000,270000,<10000,<10000,9980000
2010,Guinea-Bissau,300000,680000,70000,<10000,<10000,470000,<10000,<10000,1520000
2010,Guyana,500000,50000,10000,190000,<10000,<10000,<10000,<10000,750000
2010,Haiti,8690000,<10000,1060000,<10000,<10000,220000,30000,<10000,9990000
2010,Vatican City,<10000,<10000,<10000,<10000,<10000,<10000,<10000,<10000,<10000
2010,Honduras,6660000,10000,790000,<10000,<10000,80000,40000,<10000,7600000
2010,Hong Kong,1010000,130000,3950000,30000,930000,900000,110000,<10000,7050000
2010,Hungary,8090000,<10000,1860000,<10000,<10000,<10000,<10000,10000,9980000
2010,Iceland,300000,<10000,10000,<10000,<10000,<10000,<10000,<10000,320000
2010,India,31130000,176200000,870000,973750000,9250000,5850000,27560000,10000,1224620000
2010,Indonesia,23660000,209120000,240000,4050000,1720000,750000,340000,<10000,239870000
2010,Iran,110000,73570000,110000,20000,<10000,<10000,150000,<10000,73980000
2010,Iraq,270000,31340000,40000,<10000,<10000,<10000,20000,<10000,31670000
2010,Ireland,4110000,50000,280000,10000,<10000,<10000,<10000,<10000,4470000
2010,Isle of Man,70000,<10000,10000,<10000,<10000,<10000,<10000,<10000,80000
2010,Israel,150000,1380000,230000,<10000,20000,20000,<10000,5610000,7420000
2010,Italy,50440000,2220000,7500000,90000,110000,80000,60000,50000,60550000
2010,Jamaica,2120000,<10000,470000,<10000,<10000,120000,30000,<10000,2740000
2010,Japan,2030000,200000,72120000,30000,45820000,450000,5890000,<10000,126540000
2010,Jordan,130000,6010000,<10000,<10000,20000,<10000,<10000,<10000,6190000
2010,Kazakhstan,3970000,11290000,670000,<10000,40000,50000,20000,<10000,16030000
2010,Kenya,34340000,3920000,1000000,60000,<10000,690000,500000,<10000,40510000
2010,Kiribati,90000,<10000,<10000,<10000,<10000,<10000,<10000,<10000,100000
2010,Kosovo,110000,1660000,<10000,<10000,<10000,<10000,<10000,<10000,1770000
2010,Kuwait,390000,2030000,<10000,230000,80000,<10000,<10000,<10000,2740000
2010,Kyrgyzstan,610000,4690000,20000,<10000,<10000,<10000,<10000,<10000,5330000
2010,Laos,90000,<10000,50000,<10000,4100000,1910000,50000,<10000,6200000
2010,Latvia,1260000,<10000,990000,<10000,<10000,<10000,<10000,<10000,2250000
2010,Lebanon,1620000,2590000,10000,<10000,<10000,<10000,<10000,<10000,4230000
2010,Lesotho,2100000,<10000,70000,<10000,<10000,<10000,<10000,<10000,2170000
2010,Liberia,3430000,480000,60000,<10000,<10000,20000,<10000,<10000,3990000
2010,Libya,170000,6140000,10000,<10000,20000,<10000,<10000,<10000,6360000
2010,Liechtenstein,30000,<10000,<10000,<10000,<10000,<10000,<10000,<10000,40000
2010,Lithuania,2980000,<10000,330000,<10000,<10000,<10000,<10000,<10000,3320000
2010,Luxembourg,360000,10000,140000,<10000,<10000,<10000,<10000,<10000,510000
2010,Macau,40000,<10000,80000,<10000,90000,320000,<10000,<10000,540000
2010,Republic of Macedonia,1220000,810000,30000,<10000,<10000,<10000,<10000,<10000,2060000
2010,Madagascar,17680000,620000,1440000,10000,<10000,940000,20000,<10000,20710000
2010,Malawi,12320000,1930000,370000,<10000,<10000,260000,<10000,<10000,14900000
2010,Malaysia,2670000,18100000,190000,1720000,5010000,650000,60000,<10000,28400000
2010,Maldives,<10000,310000,<10000,<10000,<10000,<10000,<10000,<10000,320000
2010,Mali,370000,14510000,70000,<10000,<10000,410000,<10000,<10000,15370000
2010,Malta,400000,<10000,10000,<10000,<10000,<10000,<10000,<10000,420000
2010,Marshall Islands,50000,<10000,<10000,<10000,<10000,<10000,<10000,<10000,50000
2010,Martinique,390000,<10000,<10000,<10000,<10000,<10000,<10000,<10000,410000
2010,Mauritania,<10000,3430000,<10000,<10000,<10000,20000,<10000,<10000,3460000
2010,Mauritius,420000,220000,<10000,630000,<10000,<10000,<10000,<10000,1300000
2010,Mayotte,<10000,200000,<10000,<10000,<10000,<10000,<10000,<10000,200000
2010,Mexico,107910000,<10000,5330000,<10000,<10000,70000,20000,70000,113420000
2010,Federated States of Micronesia,110000,<10000,<10000,<10000,<10000,<10000,<10000,<10000,110000
2010,Moldova,3480000,20000,50000,<10000,<10000,<10000,<10000,20000,3570000
2010,Monaco,30000,<10000,<10000,<10000,<10000,<10000,<10000,<10000,40000
2010,Mongolia,60000,90000,990000,<10000,1520000,100000,<10000,<10000,2760000
2010,Montenegro,490000,120000,20000,<10000,<10000,<10000,<10000,<10000,630000
2010,Montserrat,<10000,<10000,<10000,<10000,<10000,<10000,<10000,<10000,<10000
2010,Morocco,20000,31930000,<10000,<10000,<10000,<10000,<10000,<10000,31950000
2010,Mozambique,13260000,4200000,4200000,<10000,<10000,1720000,<10000,<10000,23390000
2010,Burma (Myanmar),3750000,1900000,240000,820000,38410000,2760000,80000,<10000,47960000
2010,Namibia,2230000,<10000,40000,<10000,<10000,<10000,<10000,<10000,2280000
2010,Nauru,<10000,<10000,<10000,<10000,<10000,<10000,<10000,<10000,10000
2010,Nepal,140000,1370000,80000,24170000,3080000,1100000,20000,<10000,29960000
2010,Netherlands,8410000,1000000,6990000,80000,40000,30000,30000,30000,16610000
2010,New Caledonia,210000,<10000,30000,<10000,<10000,<10000,<10000,<10000,250000
2010,New Zealand,2490000,50000,1600000,90000,70000,20000,30000,<10000,4370000
2010,Nicaragua,4970000,<10000,730000,<10000,<10000,80000,<10000,<10000,5790000
2010,Niger,120000,15270000,110000,<10000,<10000,<10000,<10000,<10000,15510000
2010,Nigeria,78050000,77300000,680000,<10000,10000,2290000,90000,<10000,158420000
2010,Niue,<10000,<10000,<10000,<10000,<10000,<10000,<10000,<10000,<10000
2010,North Korea,480000,<10000,17350000,<10000,370000,3000000,3140000,<10000,24350000
2010,Northern Mariana Islands,40000,<10000,<10000,<10000,<10000,<10000,<10000,<10000,50000
2010,Norway,4140000,180000,490000,20000,30000,<10000,10000,<10000,4880000
2010,Oman,180000,2390000,<10000,150000,20000,<10000,30000,<10000,2780000
2010,Pakistan,2750000,167410000,20000,3330000,20000,30000,20000,<10000,173590000
2010,Palau,20000,<10000,<10000,<10000,<10000,<10000,<10000,<10000,20000
2010,Palestinian territories,100000,3940000,<10000,<10000,<10000,<10000,<10000,<10000,4040000
2010,Panama,3270000,30000,170000,<10000,<10000,20000,20000,10000,3520000
2010,Papua New Guinea,6800000,<10000,<10000,<10000,<10000,30000,20000,<10000,6860000
2010,Paraguay,6250000,<10000,70000,<10000,<10000,110000,10000,<10000,6450000
2010,Peru,27780000,<10000,860000,<10000,50000,290000,90000,<10000,29080000
2010,Philippines,86370000,5150000,90000,<10000,80000,1430000,130000,<10000,93260000
2010,Poland,36100000,<10000,2150000,<10000,<10000,<10000,<10000,10000,38280000
2010,Portugal,9810000,30000,800000,<10000,20000,10000,<10000,<10000,10680000
2010,Puerto Rico,3630000,<10000,70000,<10000,10000,30000,<10000,<10000,3750000
2010,Qatar,240000,1190000,20000,240000,50000,<10000,10000,<10000,1760000
2010,Reunion,740000,40000,20000,40000,<10000,<10000,<10000,<10000,850000
2010,Romania,21380000,70000,20000,<10000,<10000,<10000,<10000,<10000,21490000
2010,Russia,104750000,14290000,23180000,30000,170000,310000,<10000,230000,142960000
2010,Rwanda,9920000,190000,380000,<10000,<10000,100000,20000,<10000,10620000
2010,St. Helena,<10000,<10000,<10000,<10000,<10000,<10000,<10000,<10000,<10000
2010,St. Kitts and Nevis,50000,<10000,<10000,<10000,<10000,<10000,<10000,<10000,50000
2010,St. Lucia,160000,<10000,10000,<10000,<10000,<10000,<10000,<10000,170000
2010,St. Pierre and Miquelon,<10000,<10000,<10000,<10000,<10000,<10000,<10000,<10000,<10000
2010,St. Vincent and the Grenadines,100000,<10000,<10000,<10000,<10000,<10000,<10000,<10000,110000
2010,Samoa,180000,<10000,<10000,<10000,<10000,<10000,<10000,<10000,180000
2010,San Marino,30000,<10000,<10000,<10000,<10000,<10000,<10000,<10000,30000
2010,Sao Tome and Principe,140000,<10000,20000,<10000,<10000,<10000,<10000,<10000,170000
2010,Saudi Arabia,1200000,25520000,180000,310000,90000,70000,70000,<10000,27450000
2010,Senegal,450000,11980000,<10000,<10000,<10000,<10000,<10000,<10000,12430000
2010,Serbia,7490000,330000,260000,<10000,<10000,<10000,<10000,<10000,8090000
2010,Seychelles,90000,<10000,<10000,<10000,<10000,<10000,<10000,<10000,90000
2010,Sierra Leone,1230000,4580000,<10000,<10000,<10000,50000,<10000,<10000,5870000
2010,Singapore,920000,730000,830000,260000,1730000,120000,490000,<10000,5090000
2010,Slovakia,4660000,<10000,780000,<10000,<10000,<10000,<10000,<10000,5460000
2010,Slovenia,1590000,70000,370000,<10000,<10000,<10000,<10000,<10000,2030000
2010,Solomon Islands,520000,<10000,<10000,<10000,<10000,<10000,<10000,<10000,540000
2010,Somalia,<10000,9310000,<10000,<10000,<10000,<10000,<10000,<10000,9330000
2010,South Africa,40710000,860000,7450000,570000,100000,210000,170000,70000,50130000
2010,South Korea,14170000,100000,22340000,<10000,11050000,400000,110000,<10000,48180000
2010,Spain,36240000,980000,8740000,20000,<10000,20000,10000,60000,46080000
2010,Sri Lanka,1530000,2040000,<10000,2830000,14450000,<10000,<10000,<10000,20860000
2010,Sudan,1810000,30490000,350000,<10000,<10000,950000,<10000,<10000,33600000
2010,Suriname,270000,80000,30000,100000,<10000,30000,<10000,<10000,520000
2010,Swaziland,1040000,<10000,120000,<10000,<10000,10000,<10000,<10000,1190000
2010,Sweden,6310000,430000,2540000,20000,40000,20000,20000,10000,9380000
2010,Switzerland,5570000,380000,1600000,40000,40000,<10000,10000,20000,7660000
2010,Syria,1060000,18930000,420000,<10000,<10000,<10000,<10000,<10000,20410000
2010,Taiwan,1280000,10000,2950000,<10000,4950000,10260000,3760000,<10000,23220000
2010,Tajikistan,110000,6650000,100000,<10000,<10000,<10000,<10000,<10000,6880000
2010,Tanzania,27540000,15770000,650000,50000,<10000,800000,30000,<10000,44840000
2010,Thailand,600000,3770000,190000,70000,64420000,60000,<10000,<10000,69120000
2010,Timor-Leste,1120000,<10000,<10000,<10000,<10000,<10000,<10000,<10000,1120000
2010,Togo,2640000,840000,370000,<10000,<10000,2150000,30000,<10000,6030000
2010,Tokelau,<10000,<10000,<10000,<10000,<10000,<10000,<10000,<10000,<10000
2010,Tonga,100000,<10000,<10000,<10000,<10000,<10000,<10000,<10000,100000
2010,Trinidad and Tobago,880000,80000,30000,300000,<10000,30000,20000,<10000,1340000
2010,Tunisia,20000,10430000,20000,<10000,<10000,<10000,<10000,<10000,10480000
2010,Turkey,320000,71330000,860000,<10000,40000,20000,150000,20000,72750000
2010,Turkmenistan,320000,4690000,30000,<10000,<10000,<10000,<10000,<10000,5040000
2010,Turks and Caicos Islands,30000,<10000,<10000,<10000,<10000,<10000,<10000,<10000,30000
2010,Tuvalu,<10000,<10000,<10000,<10000,<10000,<10000,<10000,<10000,<10000
2010,Uganda,28980000,3840000,170000,100000,<10000,290000,40000,<10000,33420000
2010,Ukraine,38100000,560000,6690000,10000,20000,<10000,<10000,50000,45450000
2010,United Arab Emirates,940000,5780000,90000,490000,150000,<10000,60000,<10000,7510000
2010,United Kingdom,39890000,2960000,17220000,890000,280000,60000,460000,290000,62040000
2010,United States,243060000,2770000,50980000,1790000,3570000,630000,1900000,5690000,310380000
2010,U.S. Virgin Islands,100000,<10000,<10000,<10000,<10000,<10000,<10000,<10000,110000
2010,Uruguay,1950000,<10000,1370000,<10000,<10000,30000,<10000,<10000,3370000
2010,Uzbekistan,630000,26550000,220000,<10000,10000,10000,<10000,10000,27450000
2010,Vanuatu,220000,<10000,<10000,<10000,<10000,<10000,<10000,<10000,240000
2010,Venezuela,25890000,90000,2900000,<10000,<10000,60000,20000,<10000,28980000
2010,Vietnam,7170000,160000,26040000,<10000,14380000,39750000,350000,<10000,87850000
2010,Wallis and Futuna,10000,<10000,<10000,<10000,<10000,<10000,<10000,<10000,10000
2010,Western Sahara,<10000,530000,<10000,<10000,<10000,<10000,<10000,<10000,530000
2010,Yemen,40000,23830000,20000,150000,<10000,<10000,<10000,<10000,24050000
2010,Zambia,12770000,70000,70000,10000,<10000,40000,120000,<10000,13090000
2010,Zimbabwe,10930000,110000,990000,<10000,<10000,480000,40000,10000,12570000
2010,South Sudan,6010000,610000,50000,<10000,<10000,3270000,<10000,<10000,9950000
2010,Curacao,140000,<10000,<10000,<10000,<10000,<10000,<10000,<10000,150000
2010,Sint Maarten,40000,<10000,<10000,<10000,<10000,<10000,<10000,<10000,40000
2010,Caribbean Netherlands,20000,<10000,<10000,<10000,<10000,<10000,<10000,<10000,20000
2020,All Countries,2382750000,1907110000,1193750000,1161440000,506990000,429640000,60990000,14660000,7657330000
2020,All Countries,277270000,4890000,71270000,3120000,4540000,1300000,3200000,6120000,371700000
2020,All Countries,585850000,890000,52430000,690000,440000,11540000,1070000,480000,653390000
2020,All Countries,534970000,50470000,148410000,1710000,1670000,1050000,970000,1370000,740600000
2020,All Countries,14600000,381140000,2480000,2350000,760000,1350000,250000,6380000,409310000
2020,All Countries,650240000,329740000,31330000,1650000,170000,33440000,2280000,90000,1048930000
2020,All Countries,319830000,1139990000,887840000,1151920000,499410000,380970000,53220000,210000,4433390000
2020,Afghanistan,40000,40610000,<10000,10000,<10000,<10000,30000,<10000,40720000
2020,Albania,540000,2640000,30000,<10000,<10000,<10000,<10000,<10000,3220000
2020,Algeria,70000,39430000,740000,<10000,<10000,10000,<10000,<10000,40270000
2020,American Samoa,60000,<10000,<10000,<10000,<10000,<10000,<10000,<10000,60000
2020,Andorra,70000,<10000,<10000,<10000,<10000,<10000,<10000,<10000,80000
2020,Angola,22190000,50000,1270000,<10000,<10000,1020000,<10000,<10000,24530000
2020,Anguilla,10000,<10000,<10000,<10000,<10000,<10000,<10000,<10000,20000
2020,Antigua and Barbuda,90000,<10000,<10000,<10000,<10000,<10000,<10000,<10000,100000
2020,Argentina,37420000,410000,5320000,<10000,20000,330000,120000,200000,43830000
2020,Armenia,3180000,<10000,40000,<10000,<10000,<10000,<10000,<10000,3230000
2020,Aruba,100000,<10000,<10000,<10000,<10000,<10000,<10000,<10000,110000
2020,Australia,15090000,740000,6990000,410000,720000,180000,210000,120000,24450000
2020,Austria,6720000,530000,1250000,<10000,20000,<10000,10000,20000,8580000
2020,Azerbaijan,260000,9870000,<10000,<10000,<10000,<10000,<10000,<10000,10150000
2020,Bahamas,360000,<10000,10000,<10000,<10000,<10000,<10000,<10000,380000
2020,Bahrain,210000,1020000,30000,150000,50000,<10000,<10000,<10000,1460000
2020,Bangladesh,520000,153010000,<10000,13790000,1040000,120000,120000,<10000,168580000
2020,Barbados,270000,<10000,<10000,<10000,<10000,<10000,<10000,<10000,280000
2020,Belarus,6650000,50000,2690000,<10000,<10000,<10000,<10000,<10000,9410000
2020,Belgium,6590000,810000,3370000,10000,40000,30000,10000,30000,10890000
2020,Belize,330000,<10000,30000,<10000,<10000,<10000,<10000,<10000,380000
2020,Benin,6010000,2830000,600000,<10000,<10000,2050000,<10000,<10000,11500000
2020,Bermuda,50000,<10000,10000,<10000,<10000,<10000,<10000,<10000,70000
2020,Bhutan,<10000,<10000,<10000,190000,620000,20000,<10000,<10000,830000
2020,Bolivia,11120000,<10000,480000,<10000,<10000,100000,110000,<10000,11830000
2020,Bosnia-Herzegovina,1810000,1650000,80000,<10000,<10000,<10000,<10000,<10000,3540000
2020,Botswana,1700000,20000,390000,<10000,<10000,100000,10000,<10000,2220000
2020,Brazil,185430000,40000,17620000,<10000,250000,6680000,300000,110000,210450000
2020,British Virgin Islands,30000,<10000,<10000,<10000,<10000,<10000,<10000,<10000,30000
2020,Brunei,40000,340000,<10000,<10000,40000,30000,<10000,<10000,450000
2020,Bulgaria,5580000,980000,320000,<10000,<10000,<10000,<10000,<10000,6890000
2020,Burkina Faso,4930000,14240000,110000,<10000,<10000,3430000,<10000,<10000,22710000
2020,Burundi,9180000,290000,<10000,<10000,<10000,610000,<10000,<10000,10080000
2020,Cambodia,60000,320000,30000,<10000,15690000,90000,<10000,<10000,16210000
2020,Cameroon,16750000,4640000,1260000,<10000,<10000,760000,650000,<10000,24070000
2020,Canada,24280000,1030000,8950000,610000,370000,450000,430000,420000,36550000
2020,Cape Verde,510000,<10000,50000,<10000,<10000,<10000,<10000,<10000,570000
2020,Cayman Islands,50000,<10000,<10000,<10000,<10000,<10000,<10000,<10000,60000
2020,Central African Republic,4770000,480000,50000,<10000,<10000,50000,<10000,<10000,5360000
2020,Chad,6040000,8090000,350000,<10000,<10000,190000,20000,<10000,14690000
2020,Channel Islands,130000,<10000,20000,<10000,<10000,<10000,<10000,<10000,150000
2020,Chile,16380000,10000,1800000,<10000,10000,270000,40000,20000,18540000
2020,China,72410000,28010000,720100000,30000,254700000,304620000,9560000,<10000,1389430000
2020,Colombia,48150000,10000,3510000,<10000,<10000,430000,40000,<10000,52160000
2020,Comoros,<10000,940000,<10000,<10000,<10000,<10000,<10000,<10000,960000
2020,Republic of the Congo,4480000,60000,410000,<10000,<10000,140000,50000,<10000,5150000
2020,Democratic Republic of the Congo,81520000,1310000,1450000,40000,<10000,620000,110000,<10000,85060000
2020,Cook Islands,20000,<10000,<10000,<10000,<10000,<10000,<10000,<10000,20000
2020,Costa Rica,4780000,<10000,420000,<10000,<10000,40000,20000,<10000,5270000
2020,Ivory Coast,10690000,9040000,1970000,<10000,10000,2550000,40000,<10000,24320000
2020,Croatia,4010000,70000,220000,<10000,<10000,<10000,<10000,<10000,4300000
2020,Cuba,6610000,<10000,2600000,20000,<10000,1980000,<10000,<10000,11230000
2020,Cyprus,880000,300000,20000,<10000,<10000,<10000,<10000,<10000,1220000
2020,Czech Republic,2210000,20000,8280000,<10000,20000,20000,<10000,<10000,10560000
2020,Denmark,4640000,290000,680000,30000,20000,<10000,<10000,<10000,5670000
2020,Djibouti,20000,1030000,<10000,<10000,<10000,<10000,<10000,<10000,1070000
2020,Dominica,70000,<10000,<10000,<10000,<10000,<10000,<10000,<10000,70000
2020,Dominican Republic,9930000,<10000,1230000,<10000,<10000,100000,10000,<10000,11280000
2020,Ecuador,15490000,<10000,920000,<10000,<10000,50000,<10000,<10000,16480000
2020,Egypt,4440000,90420000,<10000,<10000,<10000,<10000,<10000,<10000,94870000
2020,El Salvador,5870000,<10000,740000,<10000,<10000,30000,20000,<10000,6670000
2020,Equatorial Guinea,770000,30000,40000,<10000,<10000,10000,<10000,<10000,860000
2020,Eritrea,4230000,2460000,<10000,<10000,<10000,30000,<10000,<10000,6730000
2020,Estonia,500000,<10000,770000,<10000,<10000,<10000,<10000,<10000,1280000
2020,Ethiopia,62610000,36290000,60000,<10000,<10000,2120000,10000,<10000,101100000
2020,Faeroe Islands,50000,<10000,<10000,<10000,<10000,<10000,<10000,<10000,50000
2020,Falkland Islands (Malvinas),<10000,<10000,<10000,<10000,<10000,<10000,<10000,<10000,<10000
2020,Fiji,630000,60000,<10000,270000,<10000,<10000,<10000,<10000,980000
2020,Finland,4280000,70000,1140000,<10000,<10000,<10000,<10000,<10000,5510000
2020,France,37940000,5430000,20830000,40000,310000,250000,110000,340000,65260000
2020,French Guiana,240000,<10000,10000,<10000,<10000,20000,<10000,<10000,280000
2020,French Polynesia,280000,<10000,10000,<10000,<10000,<10000,<10000,<10000,300000
2020,Gabon,1400000,230000,110000,<10000,<10000,110000,10000,<10000,1860000
2020,Gambia,100000,2260000,<10000,<10000,<10000,<10000,<10000,<10000,2370000
2020,Georgia,3690000,490000,30000,<10000,<10000,<10000,<10000,<10000,4220000
2020,Germany,53190000,5530000,21150000,80000,230000,40000,100000,220000,80540000
2020,Ghana,22330000,5300000,1160000,<10000,<10000,1500000,40000,<10000,30350000
2020,Gibraltar,30000,<10000,<10000,<10000,<10000,<10000,<10000,<10000,30000
2020,Greece,9850000,660000,690000,20000,<10000,10000,10000,<10000,11250000
2020,Greenland,50000,<10000,<10000,<10000,<10000,<10000,<10000,<10000,60000
2020,Grenada,120000,<10000,<10000,<10000,<10000,<10000,<10000,<10000,120000
2020,Guadeloupe,470000,<10000,10000,<10000,<10000,<10000,<10000,<10000,490000
2020,Guam,190000,<10000,<10000,<10000,<10000,<10000,<10000,<10000,200000
2020,Guatemala,17360000,<10000,720000,<10000,<10000,110000,20000,<10000,18210000
2020,Guinea,1380000,10800000,230000,<10000,10000,340000,<10000,<10000,12760000
2020,Guinea-Bissau,350000,850000,80000,<10000,<10000,560000,<10000,<10000,1840000
2020,Guyana,580000,50000,20000,200000,<10000,<10000,<10000,<10000,850000
2020,Haiti,10040000,<10000,1230000,<10000,<10000,240000,30000,<10000,11550000
2020,Vatican City,<10000,<10000,<10000,<10000,<10000,<10000,<10000,<10000,<10000
2020,Honduras,7950000,10000,950000,<10000,10000,100000,60000,<10000,9090000
2020,Hong Kong,1120000,160000,4090000,30000,1000000,970000,110000,<10000,7480000
2020,Hungary,7680000,10000,1970000,<10000,<10000,<10000,<10000,<10000,9690000
2020,Iceland,330000,<10000,10000,<10000,<10000,<10000,<10000,<10000,350000
2020,India,33800000,213340000,900000,1093780000,10140000,6540000,28520000,10000,1387030000
2020,Indonesia,26930000,229620000,240000,4210000,1800000,750000,360000,<10000,263910000
2020,Iran,100000,80880000,100000,20000,<10000,<10000,140000,<10000,81250000
2020,Iraq,320000,41430000,50000,<10000,<10000,<10000,20000,<10000,41830000
2020,Ireland,4590000,80000,400000,20000,10000,<10000,<10000,<10000,5110000
2020,Isle of Man,80000,<10000,10000,<10000,<10000,<10000,<10000,<10000,90000
2020,Israel,180000,1730000,280000,<10000,20000,20000,10000,6360000,8600000
2020,Italy,48720000,2960000,8100000,140000,150000,100000,60000,50000,60270000
2020,Jamaica,2270000,<10000,500000,<10000,<10000,140000,30000,<10000,2930000
2020,Japan,2190000,220000,74780000,40000,41380000,500000,5550000,<10000,124660000
2020,Jordan,160000,7410000,<10000,10000,30000,<10000,<10000,<10000,7640000
2020,Kazakhstan,4130000,12870000,720000,<10000,60000,70000,20000,<10000,17880000
2020,Kenya,44460000,5550000,1200000,70000,<10000,780000,570000,<10000,52630000
2020,Kiribati,110000,<10000,<10000,<10000,<10000,<10000,<10000,<10000,110000
2020,Kosovo,100000,1750000,<10000,<10000,<10000,<10000,<10000,<10000,1860000
2020,Kuwait,450000,2350000,<10000,330000,180000,<10000,<10000,<10000,3320000
2020,Kyrgyzstan,620000,5540000,30000,<10000,<10000,<10000,<10000,<10000,6190000
2020,Laos,110000,<10000,60000,<10000,4630000,2370000,50000,<10000,7240000
2020,Latvia,1160000,<10000,960000,<10000,<10000,<10000,<10000,<10000,2130000
2020,Lebanon,1740000,2780000,10000,<10000,<10000,<10000,<10000,<10000,4550000
2020,Lesotho,2310000,<10000,70000,<10000,<10000,<10000,<10000,<10000,2380000
2020,Liberia,4480000,610000,70000,<10000,<10000,30000,<10000,<10000,5200000
2020,Libya,200000,7170000,10000,<10000,20000,<10000,<10000,<10000,7420000
2020,Liechtenstein,40000,<10000,<10000,<10000,<10000,<10000,<10000,<10000,40000
2020,Lithuania,2820000,<10000,310000,<10000,<10000,<10000,<10000,<10000,3130000
2020,Luxembourg,370000,10000,140000,<10000,<10000,<10000,<10000,<10000,520000
2020,Macau,40000,<10000,90000,<10000,100000,340000,<10000,<10000,570000
2020,Republic of Macedonia,1100000,870000,30000,<10000,<10000,<10000,<10000,<10000,2000000
2020,Madagascar,23200000,850000,2010000,20000,<10000,1270000,30000,<10000,27380000
2020,Malawi,17280000,2660000,410000,10000,<10000,340000,10000,<10000,20720000
2020,Malaysia,3140000,22070000,200000,1940000,5220000,730000,50000,<10000,33360000
2020,Maldives,<10000,350000,<10000,<10000,<10000,<10000,<10000,<10000,360000
2020,Mali,490000,19610000,110000,<10000,<10000,530000,<10000,<10000,20730000
2020,Malta,400000,<10000,10000,<10000,<10000,<10000,<10000,<10000,420000
2020,Marshall Islands,50000,<10000,<10000,<10000,<10000,<10000,<10000,<10000,50000
2020,Martinique,400000,<10000,<10000,<10000,<10000,<10000,<10000,<10000,420000
2020,Mauritania,10000,4310000,<10000,<10000,<10000,20000,<10000,<10000,4350000
2020,Mauritius,440000,230000,10000,640000,<10000,<10000,<10000,<10000,1330000
2020,Mayotte,<10000,270000,<10000,<10000,<10000,<10000,<10000,<10000,270000
2020,Mexico,118570000,<10000,7240000,<10000,10000,70000,20000,80000,126010000
2020,Federated States of Micronesia,130000,<10000,<10000,<10000,<10000,<10000,<10000,<10000,130000
2020,Moldova,3260000,30000,40000,<10000,<10000,<10000,<10000,20000,3350000
2020,Monaco,30000,<10000,<10000,<10000,<10000,<10000,<10000,<10000,40000
2020,Mongolia,70000,110000,1160000,<10000,1730000,110000,<10000,<10000,3190000
2020,Montenegro,490000,130000,20000,<10000,<10000,<10000,<10000,<10000,640000
2020,Montserrat,<10000,<10000,<10000,<10000,<10000,<10000,<10000,<10000,<10000
2020,Morocco,20000,35510000,<10000,<10000,<10000,<10000,<10000,<10000,35530000
2020,Mozambique,16760000,5000000,5020000,10000,<10000,2210000,<10000,<10000,29000000
2020,Burma (Myanmar),4040000,2200000,260000,890000,41440000,2990000,90000,<10000,51910000
2020,Namibia,2600000,<10000,50000,<10000,<10000,<10000,<10000,<10000,2670000
2020,Nauru,<10000,<10000,<10000,<10000,<10000,<10000,<10000,<10000,10000
2020,Nepal,170000,1790000,90000,28600000,3540000,1290000,30000,<10000,35490000
2020,Netherlands,8070000,1170000,7550000,100000,50000,40000,40000,30000,17040000
2020,New Caledonia,230000,<10000,30000,<10000,<10000,<10000,<10000,<10000,280000
2020,New Zealand,2540000,80000,1910000,120000,90000,20000,40000,<10000,4810000
2020,Nicaragua,5710000,<10000,870000,<10000,<10000,90000,<10000,<10000,6690000
2020,Niger,200000,21660000,170000,<10000,<10000,20000,<10000,<10000,22040000
2020,Nigeria,96080000,104650000,790000,<10000,20000,3050000,110000,<10000,204690000
2020,Niue,<10000,<10000,<10000,<10000,<10000,<10000,<10000,<10000,<10000
2020,North Korea,500000,<10000,18070000,<10000,380000,3130000,3270000,<10000,25350000
2020,Northern Mariana Islands,50000,<10000,<10000,<10000,<10000,<10000,<10000,<10000,60000
2020,Norway,4230000,250000,600000,30000,40000,<10000,10000,<10000,5180000
2020,Oman,220000,2890000,10000,190000,20000,<10000,30000,<10000,3370000
2020,Pakistan,3260000,200490000,30000,3990000,20000,40000,30000,<10000,207860000
2020,Palau,20000,<10000,<10000,<10000,<10000,<10000,<10000,<10000,20000
2020,Palestinian territories,110000,5250000,<10000,<10000,<10000,<10000,<10000,<10000,5360000
2020,Panama,3720000,30000,200000,<10000,<10000,20000,20000,20000,4020000
2020,Papua New Guinea,8390000,<10000,<10000,<10000,<10000,40000,20000,<10000,8460000
2020,Paraguay,7390000,<10000,90000,<10000,<10000,130000,10000,<10000,7630000
2020,Peru,31420000,<10000,1010000,<10000,50000,330000,110000,<10000,32920000
2020,Philippines,102320000,6330000,110000,<10000,100000,1750000,160000,<10000,110780000
2020,Poland,35120000,20000,2780000,<10000,<10000,<10000,<10000,10000,37950000
2020,Portugal,9370000,40000,890000,<10000,20000,20000,<10000,<10000,10360000
2020,Puerto Rico,3660000,<10000,80000,<10000,10000,30000,<10000,<10000,3790000
2020,Qatar,310000,1490000,20000,360000,90000,<10000,10000,<10000,2290000
2020,Reunion,820000,40000,20000,40000,<10000,<10000,10000,<10000,940000
2020,Romania,20320000,80000,20000,<10000,<10000,<10000,<10000,<10000,20430000
2020,Russia,101900000,15940000,21190000,60000,170000,300000,10000,200000,139760000
2020,Rwanda,13230000,310000,430000,<10000,<10000,100000,30000,<10000,14100000
2020,St. Helena,<10000,<10000,<10000,<10000,<10000,<10000,<10000,<10000,<10000
2020,St. Kitts and Nevis,60000,<10000,<10000,<10000,<10000,<10000,<10000,<10000,60000
2020,St. Lucia,180000,<10000,10000,<10000,<10000,<10000,<10000,<10000,190000
2020,St. Pierre and Miquelon,<10000,<10000,<10000,<10000,<10000,<10000,<10000,<10000,<10000
2020,St. Vincent and the Grenadines,110000,<10000,<10000,<10000,<10000,<10000,<10000,<10000,120000
2020,Samoa,220000,<10000,<10000,<10000,<10000,<10000,<10000,<10000,220000
2020,San Marino,30000,<10000,<10000,<10000,<10000,<10000,<10000,<10000,30000
2020,Sao Tome and Principe,170000,<10000,30000,<10000,<10000,<10000,<10000,<10000,210000
2020,Saudi Arabia,1450000,30690000,210000,440000,130000,90000,80000,<10000,33090000
2020,Senegal,530000,15480000,<10000,<10000,<10000,<10000,<10000,<10000,16020000
2020,Serbia,7040000,390000,260000,<10000,<10000,<10000,<10000,<10000,7690000
2020,Seychelles,90000,<10000,<10000,<10000,<10000,<10000,<10000,<10000,100000
2020,Sierra Leone,1460000,5620000,<10000,<10000,<10000,60000,<10000,<10000,7160000
2020,Singapore,1040000,950000,970000,380000,1890000,140000,500000,<10000,5870000
2020,Slovakia,4640000,20000,880000,<10000,<10000,<10000,<10000,<10000,5550000
2020,Slovenia,1550000,80000,380000,<10000,<10000,<10000,<10000,<10000,2010000
2020,Solomon Islands,670000,<10000,<10000,<10000,<10000,<10000,<10000,<10000,680000
2020,Somalia,<10000,12110000,<10000,<10000,<10000,<10000,<10000,<10000,12140000
2020,South Africa,43530000,1010000,8220000,540000,90000,260000,180000,60000,53890000
2020,South Korea,15000000,150000,23250000,20000,10950000,410000,110000,<10000,49890000
2020,Spain,36410000,1610000,10190000,40000,20000,50000,20000,60000,48400000
2020,Sri Lanka,1620000,2340000,<10000,3090000,15440000,<10000,<10000,<10000,22510000
2020,Sudan,2280000,38430000,440000,<10000,<10000,1200000,<10000,<10000,42360000
2020,Suriname,300000,80000,40000,110000,<10000,30000,10000,<10000,580000
2020,Swaziland,1180000,<10000,130000,<10000,<10000,10000,<10000,<10000,1330000
2020,Sweden,6210000,640000,2860000,30000,60000,20000,20000,10000,9860000
2020,Switzerland,5530000,440000,1800000,40000,50000,<10000,10000,20000,7900000
2020,Syria,1260000,22590000,500000,<10000,<10000,<10000,<10000,<10000,24350000
2020,Taiwan,1350000,10000,3190000,<10000,4930000,10190000,3610000,<10000,23280000
2020,Tajikistan,150000,8130000,130000,<10000,<10000,<10000,<10000,<10000,8430000
2020,Tanzania,38740000,20950000,1000000,50000,<10000,670000,20000,<10000,61440000
2020,Thailand,650000,4290000,200000,80000,66120000,60000,<10000,<10000,71420000
2020,Timor-Leste,1520000,<10000,<10000,<10000,<10000,<10000,<10000,<10000,1530000
2020,Togo,3070000,1020000,450000,<10000,<10000,2680000,40000,<10000,7260000
2020,Tokelau,<10000,<10000,<10000,<10000,<10000,<10000,<10000,<10000,<10000
2020,Tonga,130000,<10000,<10000,<10000,<10000,<10000,<10000,<10000,130000
2020,Trinidad and Tobago,910000,80000,30000,310000,<10000,30000,20000,<10000,1370000
2020,Tunisia,20000,11440000,30000,<10000,<10000,<10000,<10000,<10000,11490000
2020,Turkey,380000,79090000,960000,<10000,40000,30000,170000,30000,80680000
2020,Turkmenistan,370000,5340000,30000,<10000,<10000,<10000,<10000,<10000,5740000
2020,Turks and Caicos Islands,30000,<10000,<10000,<10000,<10000,<10000,<10000,<10000,40000
2020,Tuvalu,<10000,<10000,<10000,<10000,<10000,<10000,<10000,<10000,10000
2020,Uganda,39390000,5550000,230000,140000,<10000,390000,50000,<10000,45760000
2020,Ukraine,36860000,730000,5370000,30000,20000,20000,<10000,40000,43070000
2020,United Arab Emirates,1110000,6420000,100000,660000,210000,<10000,60000,<10000,8560000
2020,United Kingdom,38020000,3950000,20070000,1030000,380000,90000,500000,270000,64310000
2020,United States,252870000,3850000,62310000,2510000,4170000,850000,2770000,5700000,335030000
2020,U.S. Virgin Islands,110000,<10000,<10000,<10000,<10000,<10000,<10000,<10000,110000
2020,Uruguay,1990000,<10000,1450000,<10000,<10000,30000,10000,<10000,3490000
2020,Uzbekistan,620000,30180000,240000,<10000,10000,20000,<10000,10000,31080000
2020,Vanuatu,280000,<10000,<10000,<10000,<10000,10000,<10000,<10000,300000
2020,Venezuela,29540000,100000,3220000,<10000,<10000,120000,30000,<10000,33010000
2020,Vietnam,8070000,180000,28760000,<10000,15560000,43360000,390000,<10000,96320000
2020,Wallis and Futuna,10000,<10000,<10000,<10000,<10000,<10000,<10000,<10000,10000
2020,Western Sahara,<10000,610000,<10000,<10000,<10000,<10000,<10000,<10000,610000
2020,Yemen,50000,32060000,30000,200000,<10000,<10000,<10000,<10000,32360000
2020,Zambia,17510000,110000,100000,20000,<10000,60000,170000,<10000,17970000
2020,Zimbabwe,12720000,140000,1110000,<10000,<10000,580000,40000,10000,14610000
2020,South Sudan,7530000,770000,60000,<10000,<10000,4090000,<10000,<10000,12450000
2020,Curacao,160000,<10000,<10000,<10000,<10000,<10000,<10000,<10000,170000
2020,Sint Maarten,50000,<10000,<10000,<10000,<10000,<10000,<10000,<10000,50000
2020,Caribbean Netherlands,20000,<10000,<10000,<10000,<10000,<10000,<10000,<10000,20000
2030,All Countries,2578790000,2209270000,1233020000,1267290000,511300000,445490000,62490000,15260000,8322920000
2030,All Countries,283250000,6590000,85510000,4050000,5190000,1690000,4330000,6140000,396760000
2030,All Countries,627490000,930000,58320000,690000,460000,12830000,1130000,480000,702340000
2030,All Countries,510110000,57180000,154910000,2030000,1970000,1230000,1030000,1320000,729770000
2030,All Countries,16160000,443140000,2800000,2900000,950000,1650000,260000,7010000,474880000
2030,All Countries,794950000,428400000,37320000,1730000,190000,41940000,2720000,80000,1307320000
2030,All Countries,346840000,1273030000,894150000,1255880000,502550000,386140000,53020000,230000,4711830000
2030,Afghanistan,50000,51030000,10000,20000,10000,<10000,40000,<10000,51170000
2030,Albania,490000,2630000,20000,<10000,<10000,<10000,<10000,<10000,3150000
2030,Algeria,70000,42660000,800000,<10000,<10000,10000,<10000,<10000,43560000
2030,American Samoa,60000,<10000,<10000,<10000,<10000,<10000,<10000,<10000,60000
2030,Andorra,80000,<10000,<10000,<10000,<10000,<10000,<10000,<10000,90000
2030,Angola,27500000,60000,1570000,<10000,<10000,1250000,<10000,<10000,30390000
2030,Anguilla,10000,<10000,<10000,<10000,<10000,<10000,<10000,<10000,20000
2030,Antigua and Barbuda,100000,<10000,<10000,<10000,<10000,<10000,<10000,<10000,100000
2030,Argentina,39880000,410000,5620000,<10000,20000,320000,120000,190000,46570000
2030,Armenia,3200000,20000,40000,<10000,<10000,<10000,<10000,<10000,3270000
2030,Aruba,100000,<10000,<10000,<10000,<10000,<10000,<10000,<10000,110000
2030,Australia,14890000,940000,8640000,490000,810000,210000,240000,130000,26340000
2030,Austria,6640000,610000,1330000,10000,30000,10000,10000,20000,8670000
2030,Azerbaijan,250000,10400000,<10000,<10000,<10000,<10000,<10000,<10000,10660000
2030,Bahamas,390000,<10000,10000,<10000,<10000,<10000,<10000,<10000,400000
2030,Bahrain,220000,1120000,30000,170000,60000,<10000,<10000,<10000,1610000
2030,Bangladesh,580000,168050000,<10000,14490000,1130000,130000,130000,<10000,184500000
2030,Barbados,270000,<10000,<10000,<10000,<10000,<10000,<10000,<10000,280000
2030,Belarus,6450000,100000,2570000,<10000,<10000,<10000,<10000,<10000,9130000
2030,Belgium,6320000,980000,3570000,20000,50000,40000,10000,30000,11010000
2030,Belize,390000,<10000,40000,<10000,<10000,<10000,<10000,<10000,440000
2030,Benin,7410000,3720000,790000,<10000,<10000,2650000,<10000,<10000,14560000
2030,Bermuda,50000,<10000,10000,<10000,<10000,<10000,<10000,<10000,70000
2030,Bhutan,<10000,<10000,<10000,200000,680000,20000,<10000,<10000,910000
2030,Bolivia,12930000,<10000,560000,<10000,10000,110000,130000,<10000,13740000
2030,Bosnia-Herzegovina,1640000,1560000,70000,<10000,<10000,<10000,<10000,<10000,3270000
2030,Botswana,1910000,30000,360000,<10000,<10000,80000,10000,<10000,2390000
2030,Brazil,192800000,40000,19330000,<10000,250000,7690000,310000,110000,220530000
2030,British Virgin Islands,30000,<10000,<10000,<10000,<10000,<10000,<10000,<10000,30000
2030,Brunei,50000,360000,<10000,<10000,40000,30000,<10000,<10000,480000
2030,Bulgaria,5020000,920000,330000,<10000,<10000,<10000,<10000,<10000,6270000
2030,Burkina Faso,6350000,19240000,170000,<10000,<10000,4660000,<10000,<10000,30430000
2030,Burundi,10450000,340000,<10000,<10000,<10000,700000,<10000,<10000,11490000
2030,Cambodia,70000,360000,30000,<10000,17310000,100000,<10000,<10000,17890000
2030,Cameroon,19770000,5820000,1430000,<10000,<10000,910000,770000,<10000,28710000
2030,Canada,24730000,1400000,9760000,770000,460000,500000,560000,480000,38650000
2030,Cape Verde,570000,<10000,60000,<10000,<10000,<10000,<10000,<10000,640000
2030,Cayman Islands,60000,<10000,<10000,<10000,<10000,<10000,<10000,<10000,70000
2030,Central African Republic,5700000,600000,60000,<10000,<10000,60000,<10000,<10000,6430000
2030,Chad,7750000,10280000,410000,<10000,<10000,250000,30000,<10000,18720000
2030,Channel Islands,130000,<10000,20000,<10000,<10000,<10000,<10000,<10000,150000
2030,Chile,17110000,20000,2070000,<10000,10000,280000,40000,30000,19550000
2030,China,73460000,30820000,720430000,30000,256440000,305930000,9680000,<10000,1396800000
2030,Colombia,52310000,10000,3920000,<10000,<10000,480000,50000,<10000,56780000
2030,Comoros,<10000,1190000,<10000,<10000,<10000,10000,<10000,<10000,1210000
2030,Republic of the Congo,5580000,70000,500000,<10000,<10000,170000,60000,<10000,6390000
2030,Democratic Republic of the Congo,101410000,1700000,1820000,60000,<10000,780000,140000,<10000,105910000
2030,Cook Islands,20000,<10000,<10000,<10000,<10000,<10000,<10000,<10000,20000
2030,Costa Rica,5220000,<10000,470000,<10000,<10000,50000,20000,<10000,5760000
2030,Ivory Coast,12730000,10890000,2460000,<10000,20000,3230000,50000,<10000,29380000
2030,Croatia,3880000,70000,200000,<10000,<10000,<10000,<10000,<10000,4150000
2030,Cuba,6420000,<10000,2550000,20000,<10000,1960000,<10000,<10000,10970000
2030,Cyprus,930000,330000,30000,<10000,<10000,<10000,<10000,<10000,1310000
2030,Czech Republic,2000000,40000,8270000,<10000,30000,40000,<10000,<10000,10400000
2030,Denmark,4660000,360000,670000,30000,30000,<10000,<10000,<10000,5760000
2030,Djibouti,30000,1200000,<10000,<10000,<10000,<10000,<10000,<10000,1240000
2030,Dominica,70000,<10000,<10000,<10000,<10000,<10000,<10000,<10000,80000
2030,Dominican Republic,10930000,<10000,1340000,<10000,<10000,110000,10000,<10000,12400000
2030,Ecuador,17030000,<10000,1030000,<10000,<10000,50000,<10000,<10000,18140000
2030,Egypt,4620000,102090000,<10000,<10000,<10000,<10000,<10000,<10000,106720000
2030,El Salvador,6090000,<10000,780000,<10000,<10000,30000,20000,<10000,6920000
2030,Equatorial Guinea,910000,40000,50000,<10000,<10000,20000,<10000,<10000,1030000
2030,Eritrea,5160000,3000000,10000,<10000,<10000,30000,<10000,<10000,8200000
2030,Estonia,470000,<10000,720000,<10000,<10000,<10000,<10000,<10000,1200000
2030,Ethiopia,71940000,44210000,80000,<10000,<10000,2360000,10000,<10000,118600000
2030,Faeroe Islands,50000,<10000,<10000,<10000,<10000,<10000,<10000,<10000,50000
2030,Falkland Islands (Malvinas),<10000,<10000,<10000,<10000,<10000,<10000,<10000,<10000,<10000
2030,Fiji,690000,70000,<10000,300000,<10000,<10000,<10000,<10000,1080000
2030,Finland,4230000,110000,1220000,<10000,10000,<10000,<10000,<10000,5580000
2030,France,35640000,6100000,24200000,50000,350000,280000,120000,350000,67090000
2030,French Guiana,280000,<10000,10000,<10000,<10000,30000,<10000,<10000,340000
2030,French Polynesia,300000,<10000,20000,<10000,<10000,<10000,<10000,<10000,320000
2030,Gabon,1660000,300000,130000,<10000,<10000,130000,20000,<10000,2240000
2030,Gambia,120000,2980000,<10000,<10000,<10000,10000,<10000,<10000,3120000
2030,Georgia,3470000,500000,30000,<10000,<10000,<10000,<10000,<10000,4000000
2030,Germany,49610000,6120000,21460000,80000,240000,40000,100000,210000,77870000
2030,Ghana,26320000,6930000,1350000,20000,<10000,1940000,50000,<10000,36610000
2030,Gibraltar,30000,<10000,<10000,<10000,<10000,<10000,<10000,<10000,30000
2030,Greece,9510000,710000,660000,20000,<10000,10000,10000,<10000,10930000
2030,Greenland,50000,<10000,<10000,<10000,<10000,<10000,<10000,<10000,50000
2030,Grenada,130000,<10000,<10000,<10000,<10000,<10000,<10000,<10000,130000
2030,Guadeloupe,490000,<10000,10000,<10000,<10000,<10000,<10000,<10000,510000
2030,Guam,210000,<10000,<10000,<10000,<10000,<10000,<10000,<10000,220000
2030,Guatemala,21250000,<10000,850000,<10000,<10000,140000,20000,<10000,22270000
2030,Guinea,1680000,13510000,290000,<10000,10000,420000,<10000,<10000,15920000
2030,Guinea-Bissau,400000,1040000,100000,<10000,<10000,670000,<10000,<10000,2210000
2030,Guyana,660000,60000,20000,210000,<10000,<10000,<10000,<10000,950000
2030,Haiti,11220000,<10000,1400000,<10000,<10000,260000,40000,<10000,12920000
2030,Vatican City,<10000,<10000,<10000,<10000,<10000,<10000,<10000,<10000,<10000
2030,Honduras,9140000,20000,1070000,<10000,10000,120000,70000,<10000,10430000
2030,Hong Kong,1240000,190000,4150000,40000,1040000,1030000,110000,<10000,7800000
2030,Hungary,7250000,20000,2040000,<10000,<10000,<10000,<10000,<10000,9330000
2030,Iceland,350000,<10000,20000,<10000,<10000,<10000,<10000,<10000,380000
2030,India,35670000,248960000,910000,1191510000,10770000,7120000,28600000,<10000,1523550000
2030,Indonesia,29620000,245020000,250000,4300000,1810000,740000,390000,<10000,282130000
2030,Iran,90000,84540000,90000,20000,<10000,<10000,140000,<10000,84870000
2030,Iraq,380000,53220000,60000,<10000,<10000,<10000,20000,<10000,53690000
2030,Ireland,4940000,110000,530000,20000,20000,10000,<10000,<10000,5650000
2030,Isle of Man,80000,<10000,10000,<10000,<10000,<10000,<10000,<10000,90000
2030,Israel,200000,2120000,300000,<10000,20000,30000,10000,7000000,9680000
2030,Italy,46370000,3640000,8600000,190000,180000,110000,60000,50000,59190000
2030,Jamaica,2360000,<10000,520000,<10000,<10000,140000,30000,<10000,3060000
2030,Japan,2320000,240000,75560000,50000,36100000,540000,5080000,<10000,119890000
2030,Jordan,190000,8790000,10000,10000,40000,<10000,<10000,<10000,9060000
2030,Kazakhstan,4140000,14190000,710000,<10000,70000,90000,30000,<10000,19240000
2030,Kenya,55270000,7640000,1530000,70000,<10000,900000,650000,<10000,66070000
2030,Kiribati,130000,<10000,<10000,<10000,<10000,<10000,<10000,<10000,130000
2030,Kosovo,100000,1840000,<10000,<10000,<10000,<10000,<10000,<10000,1940000
2030,Kuwait,500000,2700000,<10000,410000,250000,<10000,<10000,<10000,3880000
2030,Kyrgyzstan,620000,6280000,30000,<10000,<10000,<10000,<10000,<10000,6940000
2030,Laos,120000,<10000,70000,<10000,5030000,2870000,60000,<10000,8170000
2030,Latvia,1060000,<10000,920000,<10000,<10000,<10000,<10000,<10000,1990000
2030,Lebanon,1830000,2920000,10000,<10000,<10000,<10000,<10000,<10000,4780000
2030,Lesotho,2450000,<10000,70000,<10000,<10000,<10000,<10000,<10000,2530000
2030,Liberia,5680000,780000,90000,<10000,<10000,50000,<10000,<10000,6610000
2030,Libya,220000,7860000,10000,<10000,30000,<10000,<10000,<10000,8140000
2030,Liechtenstein,40000,<10000,<10000,<10000,<10000,<10000,<10000,<10000,40000
2030,Lithuania,2640000,<10000,280000,<10000,<10000,<10000,<10000,<10000,2930000
2030,Luxembourg,370000,10000,140000,<10000,<10000,<10000,<10000,<10000,530000
2030,Macau,40000,<10000,90000,<10000,100000,340000,<10000,<10000,580000
2030,Republic of Macedonia,970000,910000,20000,<10000,<10000,<10000,<10000,<10000,1910000
2030,Madagascar,29750000,1110000,2730000,20000,<10000,1700000,30000,<10000,35360000
2030,Malawi,23660000,3640000,470000,20000,<10000,460000,20000,<10000,28260000
2030,Malaysia,3590000,26050000,210000,2110000,5270000,810000,40000,<10000,38070000
2030,Maldives,<10000,380000,<10000,<10000,<10000,<10000,<10000,<10000,380000
2030,Mali,630000,25600000,150000,<10000,<10000,810000,<10000,<10000,27200000
2030,Malta,400000,<10000,10000,<10000,<10000,<10000,<10000,<10000,410000
2030,Marshall Islands,60000,<10000,<10000,<10000,<10000,<10000,<10000,<10000,60000
2030,Martinique,410000,<10000,<10000,<10000,<10000,<10000,<10000,<10000,430000
2030,Mauritania,10000,5260000,<10000,<10000,<10000,30000,<10000,<10000,5310000
2030,Mauritius,440000,230000,10000,650000,<10000,<10000,<10000,<10000,1340000
2030,Mayotte,<10000,340000,<10000,<10000,<10000,<10000,<10000,<10000,340000
2030,Mexico,125980000,<10000,9070000,<10000,10000,80000,20000,90000,135260000
2030,Federated States of Micronesia,150000,<10000,<10000,<10000,<10000,<10000,<10000,<10000,160000
2030,Moldova,3000000,30000,40000,<10000,<10000,<10000,<10000,10000,3080000
2030,Monaco,40000,<10000,<10000,<10000,<10000,<10000,<10000,<10000,40000
2030,Mongolia,80000,130000,1300000,<10000,1900000,120000,<10000,<10000,3530000
2030,Montenegro,480000,140000,20000,<10000,<10000,<10000,<10000,<10000,640000
2030,Montserrat,<10000,<10000,<10000,<10000,<10000,<10000,<10000,<10000,<10000
2030,Morocco,20000,38090000,<10000,<10000,<10000,<10000,<10000,<10000,38110000
2030,Mozambique,20800000,5830000,6080000,20000,<10000,2740000,<10000,<10000,35480000
2030,Burma (Myanmar),4270000,2430000,270000,930000,43620000,3120000,100000,<10000,54740000
2030,Namibia,2940000,<10000,60000,<10000,<10000,<10000,<10000,<10000,3020000
2030,Nauru,<10000,<10000,<10000,<10000,<10000,<10000,<10000,<10000,10000
2030,Nepal,190000,2250000,100000,32630000,3930000,1470000,30000,<10000,40590000
2030,Netherlands,7700000,1330000,7980000,110000,60000,40000,40000,30000,17290000
2030,New Caledonia,250000,<10000,30000,<10000,<10000,<10000,<10000,<10000,290000
2030,New Zealand,2600000,100000,2190000,150000,100000,30000,50000,10000,5220000
2030,Nicaragua,6300000,<10000,1000000,<10000,<10000,100000,10000,<10000,7410000
2030,Niger,300000,30150000,230000,<10000,<10000,30000,<10000,<10000,30720000
2030,Nigeria,114920000,139580000,930000,<10000,20000,4150000,120000,<10000,259720000
2030,Niue,<10000,<10000,<10000,<10000,<10000,<10000,<10000,<10000,<10000
2030,North Korea,520000,<10000,18660000,<10000,400000,3230000,3370000,<10000,26180000
2030,Northern Mariana Islands,50000,<10000,<10000,<10000,<10000,<10000,<10000,<10000,60000
2030,Norway,4320000,330000,700000,40000,60000,<10000,10000,<10000,5460000
2030,Oman,240000,3350000,10000,220000,20000,<10000,30000,<10000,3890000
2030,Pakistan,3680000,230390000,30000,4670000,30000,40000,30000,<10000,238870000
2030,Palau,20000,<10000,<10000,<10000,<10000,<10000,<10000,<10000,20000
2030,Palestinian territories,120000,6730000,<10000,<10000,<10000,<10000,<10000,<10000,6860000
2030,Panama,4110000,30000,230000,<10000,<10000,20000,20000,20000,4450000
2030,Papua New Guinea,10090000,<10000,<10000,<10000,<10000,50000,20000,<10000,10170000
2030,Paraguay,8440000,<10000,100000,<10000,<10000,150000,20000,<10000,8720000
2030,Peru,34420000,<10000,1140000,<10000,60000,360000,120000,<10000,36100000
2030,Philippines,117980000,7480000,120000,<10000,120000,2060000,200000,<10000,127960000
2030,Poland,33550000,40000,3330000,<10000,<10000,<10000,<10000,10000,36960000
2030,Portugal,8810000,60000,940000,<10000,20000,30000,<10000,<10000,9880000
2030,Puerto Rico,3610000,<10000,90000,<10000,10000,30000,<10000,<10000,3760000
2030,Qatar,380000,1820000,20000,480000,110000,10000,10000,<10000,2820000
2030,Reunion,880000,40000,20000,50000,<10000,<10000,10000,<10000,1010000
2030,Romania,19070000,80000,20000,<10000,<10000,<10000,<10000,<10000,19180000
2030,Russia,97330000,17650000,18670000,80000,170000,290000,10000,170000,134370000
2030,Rwanda,16600000,440000,540000,<10000,<10000,100000,30000,<10000,17730000
2030,St. Helena,<10000,<10000,<10000,<10000,<10000,<10000,<10000,<10000,<10000
2030,St. Kitts and Nevis,60000,<10000,<10000,<10000,<10000,<10000,<10000,<10000,60000
2030,St. Lucia,190000,<10000,10000,<10000,<10000,<10000,<10000,<10000,210000
2030,St. Pierre and Miquelon,<10000,<10000,<10000,<10000,<10000,<10000,<10000,<10000,<10000
2030,St. Vincent and the Grenadines,110000,<10000,<10000,<10000,<10000,<10000,<10000,<10000,130000
2030,Samoa,260000,<10000,<10000,<10000,<10000,<10000,<10000,<10000,270000
2030,San Marino,30000,<10000,<10000,<10000,<10000,<10000,<10000,<10000,30000
2030,Sao Tome and Principe,200000,<10000,30000,<10000,<10000,<10000,<10000,<10000,250000
2030,Saudi Arabia,1620000,35450000,230000,550000,150000,100000,80000,<10000,38190000
2030,Senegal,600000,19330000,<10000,<10000,<10000,<10000,<10000,<10000,19950000
2030,Serbia,6530000,430000,240000,<10000,<10000,<10000,<10000,<10000,7210000
2030,Seychelles,90000,<10000,<10000,<10000,<10000,<10000,<10000,<10000,100000
2030,Sierra Leone,1680000,6730000,10000,<10000,<10000,70000,<10000,<10000,8500000
2030,Singapore,1170000,1190000,1110000,520000,2040000,170000,490000,<10000,6690000
2030,Slovakia,4550000,20000,940000,<10000,<10000,<10000,<10000,<10000,5550000
2030,Slovenia,1480000,80000,370000,<10000,<10000,<10000,<10000,<10000,1940000
2030,Solomon Islands,820000,<10000,<10000,<10000,<10000,10000,<10000,<10000,840000
2030,Somalia,<10000,15810000,<10000,<10000,<10000,10000,<10000,<10000,15860000
2030,South Africa,45700000,1180000,8750000,510000,90000,310000,190000,50000,56780000
2030,South Korea,15750000,210000,23510000,30000,10480000,420000,110000,<10000,50510000
2030,Spain,35630000,2280000,11710000,60000,40000,80000,20000,60000,49890000
2030,Sri Lanka,1670000,2610000,<10000,3250000,16000000,<10000,<10000,<10000,23540000
2030,Sudan,2790000,47160000,540000,<10000,<10000,1470000,<10000,<10000,51980000
2030,Suriname,330000,80000,40000,110000,<10000,40000,10000,<10000,630000
2030,Swaziland,1290000,<10000,130000,<10000,<10000,10000,<10000,<10000,1450000
2030,Sweden,6080000,860000,3160000,40000,90000,30000,30000,10000,10290000
2030,Switzerland,5410000,500000,1980000,50000,60000,<10000,20000,20000,8040000
2030,Syria,1450000,26200000,570000,<10000,<10000,<10000,<10000,<10000,28230000
2030,Taiwan,1380000,10000,3380000,<10000,4800000,9920000,3410000,<10000,22900000
2030,Tajikistan,190000,9540000,150000,<10000,<10000,<10000,<10000,<10000,9910000
2030,Tanzania,53280000,27270000,1510000,50000,<10000,560000,20000,<10000,82690000
2030,Thailand,690000,4770000,210000,100000,66110000,60000,<10000,<10000,71950000
2030,Timor-Leste,2020000,<10000,<10000,<10000,<10000,<10000,<10000,<10000,2030000
2030,Togo,3420000,1190000,530000,<10000,<10000,3290000,50000,<10000,8490000
2030,Tokelau,<10000,<10000,<10000,<10000,<10000,<10000,<10000,<10000,<10000
2030,Tonga,150000,<10000,<10000,<10000,<10000,<10000,<10000,<10000,150000
2030,Trinidad and Tobago,900000,80000,20000,300000,<10000,30000,20000,<10000,1350000
2030,Tunisia,30000,12110000,30000,<10000,<10000,<10000,<10000,<10000,12160000
2030,Turkey,420000,84750000,1020000,<10000,40000,30000,180000,30000,86470000
2030,Turkmenistan,400000,5850000,30000,<10000,<10000,<10000,<10000,<10000,6300000
2030,Turks and Caicos Islands,40000,<10000,<10000,<10000,<10000,<10000,<10000,<10000,40000
2030,Tuvalu,10000,<10000,<10000,<10000,<10000,<10000,<10000,<10000,10000
2030,Uganda,51760000,7760000,310000,190000,<10000,530000,70000,<10000,60610000
2030,Ukraine,35330000,920000,4240000,40000,30000,20000,10000,30000,40620000
2030,United Arab Emirates,1210000,6940000,100000,790000,240000,10000,70000,<10000,9360000
2030,United Kingdom,35890000,5060000,22630000,1140000,480000,130000,520000,250000,66110000
2030,United States,258410000,5190000,75740000,3290000,4740000,1190000,3770000,5660000,357980000
2030,U.S. Virgin Islands,110000,<10000,<10000,<10000,<10000,<10000,<10000,<10000,120000
2030,Uruguay,2020000,<10000,1500000,<10000,<10000,30000,10000,<10000,3560000
2030,Uzbekistan,610000,32900000,240000,<10000,10000,20000,<10000,<10000,33790000
2030,Vanuatu,350000,<10000,<10000,<10000,<10000,10000,<10000,<10000,370000
2030,Venezuela,32530000,110000,3470000,<10000,<10000,180000,30000,<10000,36330000
2030,Vietnam,8630000,190000,30490000,<10000,16310000,45380000,420000,<10000,101420000
2030,Wallis and Futuna,10000,<10000,<10000,<10000,<10000,<10000,<10000,<10000,10000
2030,Western Sahara,<10000,670000,<10000,<10000,<10000,<10000,<10000,<10000,670000
2030,Yemen,60000,41130000,40000,260000,<10000,<10000,<10000,<10000,41500000
2030,Zambia,23760000,180000,150000,30000,<10000,90000,250000,<10000,24470000
2030,Zimbabwe,14200000,160000,1250000,<10000,<10000,720000,50000,10000,16390000
2030,South Sudan,9250000,950000,70000,<10000,<10000,5030000,<10000,<10000,15300000
2030,Curacao,170000,<10000,<10000,<10000,<10000,<10000,<10000,<10000,180000
2030,Sint Maarten,50000,<10000,<10000,<10000,<10000,<10000,<10000,<10000,60000
2030,Caribbean Netherlands,20000,<10000,<10000,<10000,<10000,<10000,<10000,<10000,20000
2040,All Countries,2756390000,2497830000,1244190000,1342680000,503940000,451910000,62550000,15700000,8875200000
2040,All Countries,285480000,8410000,99300000,4940000,5690000,2150000,5460000,6030000,417470000
2040,All Countries,653940000,940000,62570000,680000,460000,13750000,1160000,480000,733980000
2040,All Countries,482050000,63980000,159520000,2350000,2240000,1410000,1070000,1260000,713860000
2040,All Countries,17390000,500870000,3070000,3370000,1100000,1970000,270000,7630000,535660000
2040,All Countries,949900000,543470000,43830000,1810000,200000,51510000,3210000,70000,1594010000
2040,All Countries,367640000,1380160000,875890000,1329540000,494250000,381120000,51380000,240000,4880220000
2040,Afghanistan,60000,61700000,10000,20000,10000,<10000,50000,<10000,61860000
2040,Albania,430000,2550000,20000,<10000,<10000,<10000,<10000,<10000,3010000
2040,Algeria,70000,44620000,840000,<10000,<10000,10000,<10000,<10000,45560000
2040,American Samoa,60000,<10000,<10000,<10000,<10000,<10000,<10000,<10000,60000
2040,Andorra,80000,<10000,<10000,<10000,<10000,<10000,<10000,<10000,90000
2040,Angola,32710000,70000,1870000,<10000,<10000,1480000,<10000,<10000,36130000
2040,Anguilla,10000,<10000,<10000,<10000,<10000,<10000,<10000,<10000,20000
2040,Antigua and Barbuda,100000,<10000,<10000,<10000,<10000,<10000,<10000,<10000,110000
2040,Argentina,41830000,390000,5760000,<10000,20000,310000,110000,180000,48610000
2040,Armenia,3190000,30000,40000,<10000,<10000,<10000,<10000,<10000,3270000
2040,Aruba,100000,<10000,<10000,<10000,<10000,<10000,<10000,<10000,110000
2040,Australia,14320000,1160000,10270000,570000,850000,230000,260000,140000,27800000
2040,Austria,6440000,690000,1400000,10000,40000,10000,10000,20000,8630000
2040,Azerbaijan,230000,10820000,<10000,<10000,<10000,<10000,<10000,<10000,11060000
2040,Bahamas,400000,<10000,10000,<10000,<10000,<10000,<10000,<10000,410000
2040,Bahrain,220000,1200000,40000,180000,70000,<10000,<10000,<10000,1730000
2040,Bangladesh,620000,177860000,<10000,14710000,1180000,130000,130000,<10000,194650000
2040,Barbados,260000,<10000,<10000,<10000,<10000,<10000,<10000,<10000,280000
2040,Belarus,6250000,150000,2400000,<10000,<10000,<10000,<10000,<10000,8810000
2040,Belgium,6090000,1140000,3690000,30000,50000,40000,20000,30000,11090000
2040,Belize,430000,<10000,50000,<10000,<10000,<10000,<10000,<10000,500000
2040,Benin,8920000,4750000,1000000,<10000,<10000,3280000,<10000,<10000,17970000
2040,Bermuda,50000,<10000,10000,<10000,<10000,<10000,<10000,<10000,70000
2040,Bhutan,<10000,<10000,<10000,220000,720000,20000,<10000,<10000,960000
2040,Bolivia,14580000,<10000,630000,<10000,10000,120000,140000,<10000,15490000
2040,Bosnia-Herzegovina,1460000,1440000,70000,<10000,<10000,<10000,<10000,<10000,2960000
2040,Botswana,2080000,40000,330000,<10000,<10000,60000,10000,<10000,2530000
2040,Brazil,195020000,50000,20330000,<10000,240000,8460000,300000,100000,224500000
2040,British Virgin Islands,30000,<10000,<10000,<10000,<10000,<10000,<10000,<10000,30000
2040,Brunei,50000,380000,<10000,<10000,40000,30000,<10000,<10000,510000
2040,Bulgaria,4520000,850000,320000,<10000,<10000,<10000,<10000,<10000,5700000
2040,Burkina Faso,7920000,25310000,240000,<10000,<10000,6070000,<10000,<10000,39540000
2040,Burundi,11540000,390000,<10000,<10000,<10000,790000,<10000,<10000,12720000
2040,Cambodia,70000,390000,40000,<10000,18400000,110000,<10000,<10000,19020000
2040,Cameroon,22860000,7100000,1600000,<10000,<10000,1050000,900000,<10000,33510000
2040,Canada,24740000,1800000,10240000,910000,530000,530000,670000,520000,39960000
2040,Cape Verde,620000,<10000,60000,<10000,<10000,<10000,<10000,<10000,690000
2040,Cayman Islands,60000,<10000,<10000,<10000,<10000,<10000,<10000,<10000,70000
2040,Central African Republic,6640000,730000,70000,<10000,<10000,70000,<10000,<10000,7520000
2040,Chad,9740000,12560000,470000,<10000,<10000,300000,30000,<10000,23110000
2040,Channel Islands,120000,<10000,20000,<10000,<10000,<10000,<10000,<10000,140000
2040,Chile,17400000,20000,2280000,<10000,10000,270000,40000,30000,20060000
2040,China,73040000,33260000,700100000,40000,252090000,299040000,9580000,<10000,1367150000
2040,Colombia,55120000,20000,4220000,<10000,<10000,510000,50000,<10000,59930000
2040,Comoros,<10000,1490000,<10000,<10000,<10000,10000,<10000,<10000,1510000
2040,Republic of the Congo,6800000,90000,600000,<10000,<10000,210000,80000,<10000,7770000
2040,Democratic Republic of the Congo,121850000,2090000,2150000,70000,<10000,930000,160000,<10000,127250000
2040,Cook Islands,20000,<10000,<10000,<10000,<10000,<10000,<10000,<10000,20000
2040,Costa Rica,5530000,<10000,500000,<10000,<10000,50000,20000,<10000,6110000
2040,Ivory Coast,14660000,12850000,3000000,<10000,20000,3980000,60000,<10000,34580000
2040,Croatia,3710000,70000,180000,<10000,<10000,<10000,<10000,<10000,3960000
2040,Cuba,6080000,<10000,2440000,20000,<10000,1890000,<10000,<10000,10450000
2040,Cyprus,970000,340000,40000,<10000,10000,<10000,<10000,<10000,1380000
2040,Czech Republic,1860000,70000,8000000,<10000,50000,50000,<10000,<10000,10040000
2040,Denmark,4630000,430000,660000,40000,40000,<10000,<10000,<10000,5800000
2040,Djibouti,30000,1360000,<10000,<10000,<10000,<10000,<10000,<10000,1400000
2040,Dominica,70000,<10000,<10000,<10000,<10000,<10000,<10000,<10000,80000
2040,Dominican Republic,11650000,<10000,1420000,<10000,<10000,120000,10000,<10000,13210000
2040,Ecuador,18140000,20000,1110000,<10000,<10000,60000,<10000,<10000,19340000
2040,Egypt,4670000,111960000,<10000,<10000,<10000,<10000,<10000,<10000,116640000
2040,El Salvador,6130000,<10000,800000,<10000,<10000,30000,20000,<10000,6980000
2040,Equatorial Guinea,1060000,50000,60000,<10000,<10000,20000,<10000,<10000,1200000
2040,Eritrea,6140000,3570000,10000,<10000,<10000,40000,<10000,<10000,9760000
2040,Estonia,440000,<10000,670000,<10000,<10000,<10000,<10000,<10000,1110000
2040,Ethiopia,79420000,51570000,90000,<10000,<10000,2490000,10000,<10000,133590000
2040,Faeroe Islands,50000,<10000,<10000,<10000,<10000,<10000,<10000,<10000,50000
2040,Falkland Islands (Malvinas),<10000,<10000,<10000,<10000,<10000,<10000,<10000,<10000,<10000
2040,Fiji,750000,70000,<10000,320000,<10000,<10000,<10000,<10000,1160000
2040,Finland,4140000,140000,1260000,<10000,20000,<10000,<10000,<10000,5580000
2040,France,32780000,6750000,27690000,60000,380000,310000,130000,350000,68440000
2040,French Guiana,330000,<10000,20000,<10000,<10000,30000,<10000,<10000,390000
2040,French Polynesia,310000,<10000,20000,<10000,<10000,<10000,<10000,<10000,330000
2040,Gabon,1920000,390000,160000,<10000,<10000,150000,20000,<10000,2640000
2040,Gambia,140000,3780000,<10000,<10000,<10000,20000,<10000,<10000,3950000
2040,Georgia,3220000,500000,30000,<10000,<10000,<10000,<10000,<10000,3750000
2040,Germany,45670000,6640000,21290000,80000,250000,50000,100000,200000,74280000
2040,Ghana,30080000,8870000,1570000,20000,<10000,2490000,50000,<10000,43080000
2040,Gibraltar,30000,<10000,<10000,<10000,<10000,<10000,<10000,<10000,30000
2040,Greece,9140000,760000,610000,30000,<10000,10000,10000,<10000,10570000
2040,Greenland,50000,<10000,<10000,<10000,<10000,<10000,<10000,<10000,50000
2040,Grenada,140000,<10000,<10000,<10000,<10000,<10000,<10000,<10000,140000
2040,Guadeloupe,500000,<10000,10000,<10000,<10000,<10000,<10000,<10000,520000
2040,Guam,220000,<10000,<10000,<10000,<10000,<10000,<10000,<10000,240000
2040,Guatemala,25160000,<10000,960000,<10000,<10000,170000,20000,<10000,26320000
2040,Guinea,1990000,16490000,350000,<10000,20000,510000,<10000,<10000,19350000
2040,Guinea-Bissau,440000,1250000,120000,<10000,<10000,800000,<10000,<10000,2610000
2040,Guyana,730000,60000,20000,200000,<10000,<10000,<10000,<10000,1020000
2040,Haiti,12160000,<10000,1550000,<10000,<10000,280000,40000,<10000,14030000
2040,Vatican City,<10000,<10000,<10000,<10000,<10000,<10000,<10000,<10000,<10000
2040,Honduras,10120000,20000,1170000,<10000,20000,140000,80000,<10000,11550000
2040,Hong Kong,1360000,220000,4040000,50000,1060000,1050000,110000,<10000,7870000
2040,Hungary,6830000,30000,2040000,<10000,<10000,<10000,<10000,<10000,8910000
2040,Iceland,360000,<10000,20000,<10000,<10000,<10000,<10000,<10000,390000
2040,India,36710000,282120000,880000,1260620000,11100000,7640000,27690000,<10000,1626760000
2040,Indonesia,31730000,254310000,250000,4280000,1790000,720000,400000,<10000,293480000
2040,Iran,70000,86330000,80000,20000,<10000,<10000,130000,<10000,86640000
2040,Iraq,430000,66430000,70000,<10000,<10000,<10000,20000,<10000,66960000
2040,Ireland,5250000,150000,670000,30000,20000,10000,<10000,<10000,6150000
2040,Isle of Man,80000,<10000,10000,<10000,<10000,<10000,<10000,<10000,100000
2040,Israel,210000,2510000,320000,<10000,30000,30000,10000,7610000,10720000
2040,Italy,43740000,4450000,8950000,250000,210000,130000,60000,40000,57830000
2040,Jamaica,2390000,<10000,530000,<10000,<10000,140000,30000,<10000,3100000
2040,Japan,2430000,270000,74780000,60000,31100000,580000,4600000,<10000,113830000
2040,Jordan,220000,10020000,20000,20000,50000,<10000,<10000,<10000,10330000
2040,Kazakhstan,4070000,15510000,660000,10000,90000,110000,50000,<10000,20500000
2040,Kenya,67250000,10110000,1910000,90000,<10000,1050000,770000,<10000,81180000
2040,Kiribati,140000,<10000,<10000,<10000,<10000,<10000,<10000,<10000,140000
2040,Kosovo,100000,1880000,<10000,<10000,<10000,<10000,<10000,<10000,1980000
2040,Kuwait,530000,3010000,<10000,470000,310000,10000,<10000,<10000,4350000
2040,Kyrgyzstan,600000,6980000,30000,<10000,<10000,<10000,<10000,<10000,7630000
2040,Laos,130000,<10000,80000,<10000,5230000,3300000,70000,<10000,8830000
2040,Latvia,990000,<10000,850000,<10000,<10000,<10000,<10000,<10000,1850000
2040,Lebanon,1870000,2990000,10000,<10000,<10000,<10000,<10000,<10000,4880000
2040,Lesotho,2550000,<10000,70000,<10000,<10000,<10000,<10000,<10000,2630000
2040,Liberia,7020000,980000,110000,<10000,<10000,80000,<10000,<10000,8190000
2040,Libya,230000,8390000,20000,<10000,30000,<10000,<10000,<10000,8690000
2040,Liechtenstein,40000,<10000,<10000,<10000,<10000,<10000,<10000,<10000,40000
2040,Lithuania,2450000,<10000,250000,<10000,<10000,<10000,<10000,<10000,2700000
2040,Luxembourg,370000,10000,140000,<10000,<10000,<10000,<10000,<10000,530000
2040,Macau,40000,<10000,90000,<10000,100000,340000,<10000,<10000,570000
2040,Republic of Macedonia,840000,930000,20000,<10000,<10000,<10000,<10000,<10000,1790000
2040,Madagascar,36870000,1410000,3610000,30000,10000,2200000,40000,<10000,44170000
2040,Malawi,31780000,4900000,570000,30000,<10000,600000,30000,<10000,37910000
2040,Malaysia,3960000,29650000,210000,2230000,5140000,850000,40000,<10000,42070000
2040,Maldives,<10000,390000,<10000,<10000,<10000,<10000,<10000,<10000,400000
2040,Mali,800000,32400000,210000,<10000,<10000,1210000,<10000,<10000,34620000
2040,Malta,380000,<10000,<10000,<10000,<10000,<10000,<10000,<10000,390000
2040,Marshall Islands,60000,<10000,<10000,<10000,<10000,<10000,<10000,<10000,60000
2040,Martinique,410000,<10000,<10000,<10000,<10000,<10000,<10000,<10000,420000
2040,Mauritania,20000,6270000,<10000,<10000,<10000,30000,<10000,<10000,6330000
2040,Mauritius,430000,230000,10000,630000,<10000,<10000,<10000,<10000,1310000
2040,Mayotte,<10000,410000,<10000,<10000,<10000,<10000,<10000,<10000,420000
2040,Mexico,129790000,10000,10650000,<10000,10000,80000,20000,90000,140660000
2040,Federated States of Micronesia,170000,<10000,<10000,<10000,<10000,<10000,<10000,<10000,180000
2040,Moldova,2730000,30000,40000,<10000,<10000,<10000,<10000,<10000,2810000
2040,Monaco,40000,<10000,<10000,<10000,<10000,<10000,<10000,<10000,50000
2040,Mongolia,90000,150000,1420000,<10000,2040000,130000,<10000,<10000,3830000
2040,Montenegro,460000,150000,20000,<10000,<10000,<10000,<10000,<10000,620000
2040,Montserrat,<10000,<10000,<10000,<10000,<10000,<10000,<10000,<10000,<10000
2040,Morocco,10000,39470000,<10000,<10000,<10000,<10000,<10000,<10000,39490000
2040,Mozambique,25050000,6660000,7160000,30000,<10000,3340000,<10000,<10000,42250000
2040,Burma (Myanmar),4390000,2560000,270000,930000,44630000,3120000,100000,<10000,56000000
2040,Namibia,3230000,<10000,70000,<10000,<10000,<10000,<10000,<10000,3320000
2040,Nauru,<10000,<10000,<10000,<10000,<10000,<10000,<10000,<10000,10000
2040,Nepal,210000,2700000,110000,35830000,4210000,1610000,40000,<10000,44710000
2040,Netherlands,7240000,1470000,8270000,120000,70000,50000,40000,30000,17280000
2040,New Caledonia,260000,<10000,30000,<10000,<10000,<10000,<10000,<10000,310000
2040,New Zealand,2600000,130000,2430000,180000,120000,30000,50000,10000,5550000
2040,Nicaragua,6700000,<10000,1090000,<10000,<10000,110000,10000,<10000,7930000
2040,Niger,440000,40820000,320000,<10000,<10000,50000,<10000,<10000,41650000
2040,Nigeria,134100000,182560000,1110000,<10000,20000,5540000,150000,<10000,323480000
2040,Niue,<10000,<10000,<10000,<10000,<10000,<10000,<10000,<10000,<10000
2040,North Korea,520000,<10000,18850000,<10000,400000,3260000,3410000,<10000,26440000
2040,Northern Mariana Islands,50000,<10000,<10000,<10000,<10000,<10000,<10000,<10000,60000
2040,Norway,4330000,420000,780000,50000,70000,10000,10000,<10000,5670000
2040,Oman,250000,3740000,20000,250000,20000,<10000,30000,<10000,4310000
2040,Pakistan,4020000,254670000,30000,5220000,30000,40000,30000,<10000,264050000
2040,Palau,20000,<10000,<10000,<10000,<10000,<10000,<10000,<10000,30000
2040,Palestinian territories,140000,8270000,<10000,<10000,<10000,<10000,<10000,<10000,8410000
2040,Panama,4410000,40000,260000,<10000,10000,20000,20000,20000,4790000
2040,Papua New Guinea,11800000,<10000,<10000,<10000,<10000,50000,30000,<10000,11890000
2040,Paraguay,9340000,<10000,110000,<10000,<10000,170000,20000,<10000,9650000
2040,Peru,36550000,<10000,1250000,<10000,60000,380000,120000,<10000,38370000
2040,Philippines,131940000,8540000,130000,<10000,130000,2330000,220000,<10000,143300000
2040,Poland,31180000,60000,3830000,<10000,10000,<10000,<10000,10000,35110000
2040,Portugal,8200000,90000,980000,<10000,20000,50000,<10000,<10000,9350000
2040,Puerto Rico,3500000,<10000,90000,<10000,10000,30000,<10000,<10000,3650000
2040,Qatar,430000,2130000,20000,570000,140000,20000,10000,<10000,3320000
2040,Reunion,920000,40000,20000,50000,<10000,<10000,10000,<10000,1060000
2040,Romania,17710000,70000,20000,<10000,<10000,<10000,<10000,<10000,17810000
2040,Russia,92690000,19280000,16200000,110000,170000,280000,10000,140000,128870000
2040,Rwanda,20420000,630000,690000,10000,<10000,110000,40000,<10000,21910000
2040,St. Helena,<10000,<10000,<10000,<10000,<10000,<10000,<10000,<10000,<10000
2040,St. Kitts and Nevis,60000,<10000,<10000,<10000,<10000,<10000,<10000,<10000,70000
2040,St. Lucia,200000,<10000,10000,<10000,<10000,<10000,<10000,<10000,210000
2040,St. Pierre and Miquelon,<10000,<10000,<10000,<10000,<10000,<10000,<10000,<10000,<10000
2040,St. Vincent and the Grenadines,120000,<10000,<10000,<10000,<10000,<10000,<10000,<10000,130000
2040,Samoa,310000,<10000,<10000,<10000,<10000,<10000,<10000,<10000,320000
2040,San Marino,30000,<10000,<10000,<10000,<10000,<10000,<10000,<10000,30000
2040,Sao Tome and Principe,230000,<10000,40000,<10000,<10000,<10000,<10000,<10000,290000
2040,Saudi Arabia,1760000,39560000,230000,650000,170000,110000,80000,<10000,42560000
2040,Senegal,670000,23460000,<10000,<10000,<10000,<10000,<10000,<10000,24130000
2040,Serbia,6010000,470000,230000,<10000,<10000,<10000,<10000,<10000,6710000
2040,Seychelles,90000,<10000,<10000,<10000,<10000,<10000,<10000,<10000,100000
2040,Sierra Leone,1880000,7840000,10000,<10000,<10000,80000,<10000,<10000,9820000
2040,Singapore,1270000,1430000,1200000,650000,2120000,190000,480000,10000,7360000
2040,Slovakia,4360000,30000,980000,<10000,10000,10000,<10000,<10000,5400000
2040,Slovenia,1390000,80000,360000,<10000,<10000,<10000,<10000,<10000,1840000
2040,Solomon Islands,980000,<10000,<10000,<10000,<10000,10000,<10000,<10000,1000000
2040,Somalia,10000,20500000,<10000,10000,<10000,20000,<10000,<10000,20550000
2040,South Africa,47290000,1380000,9110000,480000,90000,370000,190000,40000,58950000
2040,South Korea,16090000,280000,23080000,40000,9620000,440000,110000,<10000,49660000
2040,Spain,34950000,3050000,12950000,90000,50000,110000,30000,60000,51300000
2040,Sri Lanka,1690000,2830000,<10000,3370000,16320000,<10000,<10000,<10000,24220000
2040,Sudan,3320000,56080000,650000,<10000,<10000,1750000,<10000,<10000,61800000
2040,Suriname,350000,80000,50000,110000,<10000,40000,10000,<10000,660000
2040,Swaziland,1380000,<10000,140000,<10000,<10000,20000,<10000,<10000,1550000
2040,Sweden,5880000,1090000,3390000,50000,110000,30000,30000,20000,10600000
2040,Switzerland,5160000,560000,2130000,50000,60000,10000,20000,20000,8000000
2040,Syria,1610000,29130000,640000,<10000,<10000,<10000,<10000,<10000,31390000
2040,Taiwan,1370000,10000,3470000,<10000,4520000,9340000,3120000,<10000,21840000
2040,Tajikistan,230000,10750000,170000,<10000,<10000,<10000,<10000,<10000,11170000
2040,Tanzania,71650000,34740000,2230000,50000,<10000,480000,20000,<10000,109180000
2040,Thailand,710000,5230000,210000,110000,64460000,60000,<10000,<10000,70790000
2040,Timor-Leste,2530000,<10000,<10000,<10000,<10000,<10000,<10000,<10000,2540000
2040,Togo,3710000,1350000,610000,<10000,<10000,3900000,50000,<10000,9640000
2040,Tokelau,<10000,<10000,<10000,<10000,<10000,<10000,<10000,<10000,<10000
2040,Tonga,180000,<10000,<10000,<10000,<10000,<10000,<10000,<10000,180000
2040,Trinidad and Tobago,880000,70000,20000,280000,<10000,30000,20000,<10000,1310000
2040,Tunisia,30000,12410000,30000,<10000,<10000,<10000,<10000,<10000,12470000
2040,Turkey,450000,88160000,1070000,<10000,50000,30000,190000,30000,89980000
2040,Turkmenistan,430000,6210000,30000,<10000,<10000,<10000,<10000,<10000,6680000
2040,Turks and Caicos Islands,40000,<10000,<10000,<10000,<10000,<10000,<10000,<10000,40000
2040,Tuvalu,10000,<10000,<10000,<10000,<10000,<10000,<10000,<10000,10000
2040,Uganda,65940000,10380000,400000,240000,<10000,670000,90000,<10000,77720000
2040,Ukraine,33810000,1120000,3230000,60000,30000,30000,10000,30000,38310000
2040,United Arab Emirates,1290000,7310000,110000,900000,270000,20000,60000,<10000,9970000
2040,United Kingdom,33410000,6360000,24850000,1260000,560000,170000,540000,240000,67380000
2040,United States,260640000,6610000,89050000,4020000,5160000,1610000,4790000,5510000,377390000
2040,U.S. Virgin Islands,110000,<10000,<10000,<10000,<10000,<10000,<10000,<10000,110000
2040,Uruguay,2030000,<10000,1510000,<10000,<10000,30000,10000,<10000,3590000
2040,Uzbekistan,580000,34500000,240000,<10000,10000,20000,<10000,<10000,35360000
2040,Vanuatu,410000,<10000,<10000,<10000,<10000,20000,<10000,<10000,440000
2040,Venezuela,34730000,120000,3640000,<10000,<10000,240000,30000,<10000,38770000
2040,Vietnam,9060000,200000,31460000,<10000,16640000,46230000,430000,<10000,104020000
2040,Wallis and Futuna,10000,<10000,<10000,<10000,<10000,<10000,<10000,<10000,10000
2040,Western Sahara,<10000,710000,<10000,<10000,<10000,<10000,<10000,<10000,710000
2040,Yemen,70000,50920000,50000,320000,<10000,<10000,<10000,<10000,51370000
2040,Zambia,32190000,300000,210000,40000,<10000,120000,340000,<10000,33200000
2040,Zimbabwe,15350000,180000,1340000,<10000,<10000,820000,50000,<10000,17760000
2040,South Sudan,11040000,1130000,90000,<10000,<10000,6000000,<10000,<10000,18260000
2040,Curacao,170000,<10000,<10000,<10000,<10000,<10000,<10000,<10000,180000
2040,Sint Maarten,60000,<10000,<10000,<10000,<10000,<10000,<10000,<10000,60000
2040,Caribbean Netherlands,20000,<10000,<10000,<10000,<10000,<10000,<10000,<10000,20000
2050,All Countries,2918070000,2761480000,1230340000,1384360000,486270000,449140000,61450000,16090000,9307190000
2050,All Countries,286710000,10350000,111340000,5850000,6080000,2630000,6540000,5920000,435420000
2050,All Countries,665500000,940000,65150000,640000,450000,14310000,1170000,460000,748620000
2050,All Countries,454090000,70870000,162320000,2660000,2490000,1590000,1100000,1200000,696330000
2050,All Countries,18180000,551900000,3280000,3700000,1190000,2270000,260000,8200000,588960000
2050,All Countries,1112390000,669710000,50460000,1900000,220000,61470000,3740000,70000,1899960000
2050,All Countries,381200000,1457720000,837790000,1369600000,475840000,366860000,48650000,240000,4937900000
2050,Afghanistan,70000,72190000,20000,30000,20000,<10000,60000,<10000,72380000
2050,Albania,380000,2420000,10000,<10000,<10000,<10000,<10000,<10000,2810000
2050,Algeria,70000,45620000,850000,<10000,<10000,10000,<10000,<10000,46580000
2050,American Samoa,60000,<10000,<10000,<10000,<10000,<10000,<10000,<10000,60000
2050,Andorra,90000,<10000,<10000,<10000,<10000,<10000,<10000,<10000,100000
2050,Angola,37550000,80000,2150000,<10000,<10000,1690000,<10000,<10000,41470000
2050,Anguilla,10000,<10000,<10000,<10000,<10000,<10000,<10000,<10000,20000
2050,Antigua and Barbuda,110000,<10000,<10000,<10000,<10000,<10000,<10000,<10000,110000
2050,Argentina,43220000,370000,5720000,<10000,20000,290000,110000,170000,49910000
2050,Armenia,3140000,40000,40000,<10000,<10000,<10000,<10000,<10000,3230000
2050,Aruba,90000,<10000,<10000,<10000,<10000,<10000,<10000,<10000,100000
2050,Australia,13700000,1420000,11780000,660000,890000,250000,280000,150000,29120000
2050,Austria,6140000,750000,1460000,20000,40000,20000,20000,20000,8460000
2050,Azerbaijan,210000,11080000,10000,<10000,<10000,<10000,<10000,<10000,11300000
2050,Bahamas,400000,<10000,10000,<10000,<10000,<10000,<10000,<10000,410000
2050,Bahrain,220000,1260000,40000,190000,70000,<10000,<10000,<10000,1790000
2050,Bangladesh,650000,182360000,<10000,14470000,1200000,130000,130000,<10000,198960000
2050,Barbados,250000,<10000,<10000,<10000,<10000,<10000,<10000,<10000,260000
2050,Belarus,6060000,200000,2230000,<10000,<10000,<10000,<10000,<10000,8510000
2050,Belgium,5870000,1310000,3740000,40000,60000,50000,20000,30000,11120000
2050,Belize,470000,<10000,50000,<10000,<10000,<10000,<10000,<10000,540000
2050,Benin,10450000,5880000,1240000,<10000,<10000,3960000,<10000,<10000,21530000
2050,Bermuda,50000,<10000,10000,<10000,<10000,<10000,<10000,<10000,60000
2050,Bhutan,<10000,<10000,<10000,220000,740000,20000,<10000,<10000,990000
2050,Bolivia,16010000,<10000,690000,<10000,10000,130000,140000,<10000,17000000
2050,Bosnia-Herzegovina,1270000,1290000,50000,<10000,<10000,<10000,<10000,<10000,2620000
2050,Botswana,2250000,50000,320000,<10000,<10000,50000,10000,<10000,2680000
2050,Brazil,192640000,50000,20740000,<10000,220000,9000000,280000,90000,223020000
2050,British Virgin Islands,30000,<10000,<10000,<10000,<10000,<10000,<10000,<10000,30000
2050,Brunei,50000,380000,<10000,<10000,40000,30000,<10000,<10000,510000
2050,Bulgaria,4080000,770000,320000,<10000,<10000,<10000,<10000,<10000,5180000
2050,Burkina Faso,9610000,32200000,320000,<10000,<10000,7720000,<10000,<10000,49860000
2050,Burundi,12490000,440000,<10000,<10000,<10000,870000,<10000,<10000,13800000
2050,Cambodia,70000,410000,40000,<10000,19090000,120000,<10000,<10000,19740000
2050,Cameroon,25820000,8410000,1750000,<10000,<10000,1180000,1030000,<10000,38200000
2050,Canada,24640000,2260000,10470000,1070000,600000,570000,780000,560000,40940000
2050,Cape Verde,650000,<10000,60000,<10000,<10000,<10000,<10000,<10000,720000
2050,Cayman Islands,60000,<10000,<10000,<10000,<10000,<10000,<10000,<10000,70000
2050,Central African Republic,7560000,860000,80000,<10000,<10000,90000,<10000,<10000,8590000
2050,Chad,11790000,14900000,520000,<10000,<10000,360000,40000,<10000,27620000
2050,Channel Islands,120000,<10000,20000,<10000,<10000,<10000,<10000,<10000,140000
2050,Chile,17330000,20000,2420000,<10000,10000,260000,40000,30000,20120000
2050,China,70800000,35290000,663080000,50000,241580000,284950000,9250000,<10000,1305010000
2050,Colombia,56560000,20000,4430000,<10000,<10000,530000,50000,<10000,61590000
2050,Comoros,<10000,1800000,<10000,<10000,<10000,20000,<10000,<10000,1830000
2050,Republic of the Congo,8100000,100000,680000,<10000,<10000,250000,90000,<10000,9230000
2050,Democratic Republic of the Congo,141790000,2490000,2490000,80000,<10000,1080000,190000,<10000,148120000
2050,Cook Islands,20000,<10000,<10000,<10000,<10000,<10000,<10000,<10000,20000
2050,Costa Rica,5720000,<10000,530000,<10000,<10000,60000,20000,<10000,6330000
2050,Ivory Coast,16490000,14820000,3550000,<10000,20000,4770000,80000,<10000,39740000
2050,Croatia,3520000,70000,160000,<10000,<10000,<10000,<10000,<10000,3760000
2050,Cuba,5580000,<10000,2270000,20000,<10000,1770000,<10000,<10000,9670000
2050,Cyprus,990000,360000,50000,10000,20000,<10000,<10000,<10000,1430000
2050,Czech Republic,1820000,100000,7700000,<10000,60000,70000,<10000,<10000,9760000
2050,Denmark,4570000,500000,640000,50000,50000,<10000,<10000,<10000,5820000
2050,Djibouti,40000,1500000,<10000,<10000,<10000,<10000,<10000,<10000,1550000
2050,Dominica,70000,<10000,<10000,<10000,<10000,<10000,<10000,<10000,80000
2050,Dominican Republic,12080000,10000,1450000,<10000,<10000,120000,10000,<10000,13690000
2050,Ecuador,18780000,20000,1170000,<10000,<10000,60000,<10000,<10000,20050000
2050,Egypt,4600000,119530000,<10000,<10000,<10000,<10000,<10000,<10000,124130000
2050,El Salvador,6040000,<10000,800000,<10000,<10000,30000,20000,<10000,6890000
2050,Equatorial Guinea,1210000,60000,70000,<10000,<10000,20000,<10000,<10000,1360000
2050,Eritrea,7040000,4090000,10000,<10000,<10000,40000,<10000,<10000,11190000
2050,Estonia,420000,<10000,620000,<10000,<10000,<10000,<10000,<10000,1040000
2050,Ethiopia,84770000,57960000,90000,<10000,<10000,2500000,20000,<10000,145350000
2050,Faeroe Islands,50000,<10000,<10000,<10000,<10000,<10000,<10000,<10000,50000
2050,Falkland Islands (Malvinas),<10000,<10000,<10000,<10000,<10000,<10000,<10000,<10000,<10000
2050,Fiji,790000,80000,10000,340000,<10000,<10000,<10000,<10000,1230000
2050,Finland,4040000,190000,1290000,10000,30000,<10000,<10000,<10000,5570000
2050,France,29900000,7540000,30570000,70000,400000,330000,130000,350000,69300000
2050,French Guiana,360000,<10000,20000,<10000,<10000,30000,<10000,<10000,440000
2050,French Polynesia,310000,<10000,20000,<10000,<10000,<10000,<10000,<10000,330000
2050,Gabon,2180000,490000,190000,<10000,<10000,170000,20000,<10000,3050000
2050,Gambia,160000,4620000,<10000,<10000,<10000,30000,<10000,<10000,4830000
2050,Georgia,2950000,490000,30000,<10000,<10000,<10000,<10000,<10000,3470000
2050,Germany,41650000,7000000,20910000,80000,260000,50000,90000,190000,70220000
2050,Ghana,33490000,11030000,1730000,30000,<10000,3030000,50000,<10000,49360000
2050,Gibraltar,20000,<10000,<10000,<10000,<10000,<10000,<10000,<10000,30000
2050,Greece,8720000,790000,550000,30000,<10000,10000,10000,<10000,10120000
2050,Greenland,50000,<10000,<10000,<10000,<10000,<10000,<10000,<10000,50000
2050,Grenada,140000,<10000,<10000,<10000,<10000,<10000,<10000,<10000,150000
2050,Guadeloupe,500000,<10000,10000,<10000,<10000,<10000,<10000,<10000,520000
2050,Guam,230000,<10000,<10000,<10000,<10000,<10000,<10000,<10000,250000
2050,Guatemala,28900000,<10000,1060000,<10000,<10000,200000,20000,<10000,30210000
2050,Guinea,2300000,19560000,410000,<10000,20000,600000,<10000,<10000,22890000
2050,Guinea-Bissau,490000,1480000,140000,<10000,<10000,930000,<10000,<10000,3040000
2050,Guyana,780000,60000,20000,190000,<10000,<10000,<10000,<10000,1050000
2050,Haiti,12830000,<10000,1670000,<10000,<10000,290000,40000,<10000,14830000
2050,Vatican City,<10000,<10000,<10000,<10000,<10000,<10000,<10000,<10000,<10000
2050,Honduras,10860000,20000,1250000,<10000,20000,150000,80000,<10000,12380000
2050,Hong Kong,1470000,250000,3820000,60000,1040000,1040000,100000,<10000,7770000
2050,Hungary,6500000,30000,1990000,<10000,<10000,<10000,<10000,<10000,8540000
2050,Iceland,370000,<10000,20000,<10000,<10000,<10000,<10000,<10000,410000
2050,India,36740000,310660000,830000,1297960000,11080000,7960000,26050000,<10000,1691280000
2050,Indonesia,33200000,256820000,240000,4150000,1740000,700000,410000,<10000,297260000
2050,Iran,60000,86190000,70000,20000,<10000,<10000,120000,<10000,86460000
2050,Iraq,490000,80190000,90000,<10000,<10000,<10000,20000,<10000,80790000
2050,Ireland,5540000,200000,800000,40000,20000,20000,<10000,<10000,6640000
2050,Isle of Man,80000,<10000,20000,<10000,<10000,<10000,<10000,<10000,100000
2050,Israel,230000,2870000,340000,<10000,30000,30000,20000,8180000,11690000
2050,Italy,40800000,5320000,9160000,300000,240000,150000,60000,40000,56080000
2050,Jamaica,2370000,<10000,520000,<10000,<10000,140000,30000,<10000,3070000
2050,Japan,2570000,310000,72980000,80000,27030000,630000,4180000,<10000,107780000
2050,Jordan,240000,10990000,20000,20000,60000,<10000,<10000,<10000,11340000
2050,Kazakhstan,3980000,16770000,610000,10000,100000,130000,60000,<10000,21680000
2050,Kenya,79810000,12920000,2270000,100000,<10000,1180000,860000,<10000,97150000
2050,Kiribati,150000,<10000,<10000,<10000,<10000,<10000,<10000,<10000,160000
2050,Kosovo,90000,1880000,<10000,<10000,<10000,<10000,<10000,<10000,1970000
2050,Kuwait,550000,3260000,<10000,510000,340000,20000,10000,<10000,4710000
2050,Kyrgyzstan,580000,7600000,30000,<10000,<10000,<10000,<10000,<10000,8220000
2050,Laos,140000,<10000,80000,<10000,5270000,3680000,70000,<10000,9260000
2050,Latvia,930000,<10000,770000,<10000,<10000,<10000,<10000,<10000,1720000
2050,Lebanon,1860000,2990000,10000,<10000,<10000,<10000,<10000,<10000,4870000
2050,Lesotho,2620000,<10000,70000,<10000,<10000,<10000,<10000,<10000,2700000
2050,Liberia,8410000,1190000,130000,<10000,<10000,110000,10000,<10000,9840000
2050,Libya,240000,8750000,20000,<10000,30000,<10000,<10000,<10000,9050000
2050,Liechtenstein,40000,<10000,<10000,<10000,<10000,<10000,<10000,<10000,40000
2050,Lithuania,2270000,<10000,210000,<10000,<10000,<10000,<10000,<10000,2490000
2050,Luxembourg,370000,10000,130000,<10000,<10000,<10000,<10000,<10000,520000
2050,Macau,40000,<10000,80000,<10000,90000,320000,<10000,<10000,540000
2050,Republic of Macedonia,710000,930000,20000,<10000,<10000,<10000,<10000,<10000,1650000
2050,Madagascar,44400000,1730000,4620000,40000,20000,2760000,50000,<10000,53620000
2050,Malawi,41880000,6420000,690000,40000,<10000,780000,30000,<10000,49840000
2050,Malaysia,4230000,32720000,200000,2270000,4870000,870000,30000,<10000,45190000
2050,Maldives,<10000,400000,<10000,<10000,<10000,<10000,<10000,<10000,410000
2050,Mali,970000,39830000,270000,<10000,<10000,1580000,<10000,<10000,42660000
2050,Malta,350000,<10000,<10000,<10000,<10000,<10000,<10000,<10000,360000
2050,Marshall Islands,70000,<10000,<10000,<10000,<10000,<10000,<10000,<10000,70000
2050,Martinique,400000,<10000,<10000,<10000,<10000,<10000,<10000,<10000,420000
2050,Mauritania,20000,7270000,<10000,<10000,<10000,40000,<10000,<10000,7340000
2050,Mauritius,410000,220000,10000,600000,<10000,<10000,<10000,<10000,1260000
2050,Mayotte,<10000,490000,<10000,<10000,<10000,<10000,<10000,<10000,490000
2050,Mexico,130150000,10000,11950000,<10000,10000,80000,20000,100000,142330000
2050,Federated States of Micronesia,190000,<10000,<10000,<10000,<10000,<10000,<10000,<10000,200000
2050,Moldova,2470000,40000,30000,<10000,<10000,<10000,<10000,<10000,2550000
2050,Monaco,50000,<10000,<10000,<10000,<10000,<10000,<10000,<10000,50000
2050,Mongolia,90000,170000,1540000,<10000,2170000,140000,<10000,<10000,4110000
2050,Montenegro,430000,160000,20000,<10000,<10000,<10000,<10000,<10000,610000
2050,Montserrat,<10000,<10000,<10000,<10000,<10000,<10000,<10000,<10000,<10000
2050,Morocco,10000,39950000,<10000,<10000,<10000,<10000,<10000,<10000,39970000
2050,Mozambique,29400000,7390000,8220000,30000,<10000,3950000,<10000,<10000,49000000
2050,Burma (Myanmar),4420000,2630000,260000,910000,44710000,3040000,90000,<10000,56060000
2050,Namibia,3450000,10000,70000,<10000,<10000,<10000,<10000,<10000,3550000
2050,Nauru,<10000,<10000,<10000,<10000,<10000,<10000,<10000,<10000,10000
2050,Nepal,220000,3160000,120000,38120000,4380000,1710000,40000,<10000,47740000
2050,Netherlands,6750000,1600000,8380000,130000,80000,50000,40000,30000,17050000
2050,New Caledonia,270000,<10000,30000,<10000,<10000,<10000,<10000,<10000,310000
2050,New Zealand,2610000,160000,2640000,210000,130000,30000,60000,10000,5850000
2050,Nicaragua,6930000,<10000,1160000,<10000,<10000,110000,10000,<10000,8220000
2050,Niger,630000,53660000,430000,<10000,<10000,80000,<10000,<10000,54810000
2050,Nigeria,154840000,230700000,1290000,<10000,30000,7120000,170000,<10000,394150000
2050,Niue,<10000,<10000,<10000,<10000,<10000,<10000,<10000,<10000,<10000
2050,North Korea,520000,<10000,18800000,<10000,400000,3260000,3400000,<10000,26380000
2050,Northern Mariana Islands,40000,<10000,<10000,<10000,<10000,<10000,<10000,<10000,50000
2050,Norway,4310000,520000,850000,50000,90000,10000,10000,<10000,5850000
2050,Oman,250000,4010000,20000,260000,20000,<10000,30000,<10000,4590000
2050,Pakistan,4250000,273110000,30000,5630000,30000,40000,30000,<10000,283110000
2050,Palau,20000,<10000,<10000,<10000,<10000,<10000,<10000,<10000,30000
2050,Palestinian territories,140000,9850000,<10000,<10000,<10000,<10000,<10000,<10000,10000000
2050,Panama,4610000,40000,280000,<10000,10000,30000,20000,20000,5020000
2050,Papua New Guinea,13400000,<10000,<10000,<10000,<10000,60000,30000,<10000,13510000
2050,Paraguay,10060000,<10000,120000,<10000,<10000,190000,20000,<10000,10390000
2050,Peru,37740000,<10000,1320000,<10000,60000,390000,130000,<10000,39640000
2050,Philippines,143550000,9440000,140000,<10000,140000,2560000,250000,<10000,156090000
2050,Poland,28880000,80000,4270000,<10000,10000,<10000,<10000,10000,33280000
2050,Portugal,7500000,110000,980000,10000,20000,60000,<10000,<10000,8690000
2050,Puerto Rico,3330000,<10000,90000,<10000,<10000,30000,<10000,<10000,3480000
2050,Qatar,470000,2390000,20000,630000,150000,30000,10000,<10000,3700000
2050,Reunion,950000,50000,20000,50000,<10000,<10000,10000,<10000,1080000
2050,Romania,16270000,70000,20000,<10000,<10000,<10000,<10000,<10000,16370000
2050,Russia,88440000,20860000,13960000,140000,170000,270000,20000,110000,123960000
2050,Rwanda,24610000,850000,810000,20000,<10000,120000,50000,<10000,26470000
2050,St. Helena,<10000,<10000,<10000,<10000,<10000,<10000,<10000,<10000,<10000
2050,St. Kitts and Nevis,60000,<10000,<10000,<10000,<10000,<10000,<10000,<10000,70000
2050,St. Lucia,200000,<10000,10000,<10000,<10000,<10000,<10000,<10000,210000
2050,St. Pierre and Miquelon,<10000,<10000,<10000,<10000,<10000,<10000,<10000,<10000,<10000
2050,St. Vincent and the Grenadines,120000,<10000,<10000,<10000,<10000,<10000,<10000,<10000,130000
2050,Samoa,360000,<10000,<10000,<10000,<10000,<10000,<10000,<10000,370000
2050,San Marino,30000,<10000,<10000,<10000,<10000,<10000,<10000,<10000,30000
2050,Sao Tome and Principe,260000,<10000,50000,<10000,<10000,10000,<10000,<10000,320000
2050,Saudi Arabia,1830000,42490000,230000,710000,180000,110000,80000,<10000,45630000
2050,Senegal,720000,27560000,<10000,<10000,<10000,10000,<10000,<10000,28290000
2050,Serbia,5480000,500000,210000,<10000,<10000,<10000,<10000,<10000,6200000
2050,Seychelles,90000,<10000,<10000,<10000,<10000,<10000,<10000,<10000,100000
2050,Sierra Leone,2040000,8850000,10000,<10000,<10000,90000,10000,<10000,11000000
2050,Singapore,1350000,1690000,1270000,790000,2140000,220000,450000,10000,7910000
2050,Slovakia,4160000,40000,990000,<10000,10000,10000,<10000,<10000,5230000
2050,Slovenia,1300000,80000,350000,<10000,<10000,<10000,<10000,<10000,1740000
2050,Solomon Islands,1130000,<10000,<10000,<10000,<10000,20000,<10000,<10000,1160000
2050,Somalia,20000,26100000,10000,10000,<10000,20000,<10000,<10000,26170000
2050,South Africa,48550000,1580000,9330000,460000,90000,430000,200000,30000,60660000
2050,South Korea,15920000,340000,22010000,50000,8620000,470000,110000,<10000,47520000
2050,Spain,34100000,3940000,13850000,120000,70000,150000,30000,60000,52310000
2050,Sri Lanka,1670000,3010000,<10000,3430000,16310000,<10000,<10000,<10000,24420000
2050,Sudan,3830000,64720000,750000,<10000,<10000,2020000,<10000,<10000,71330000
2050,Suriname,370000,80000,60000,100000,<10000,50000,10000,<10000,670000
2050,Swaziland,1470000,<10000,140000,<10000,<10000,20000,<10000,<10000,1640000
2050,Sweden,5730000,1350000,3590000,60000,130000,40000,40000,20000,10960000
2050,Switzerland,4870000,600000,2230000,50000,60000,10000,20000,20000,7860000
2050,Syria,1720000,31220000,680000,<10000,<10000,<10000,<10000,<10000,33630000
2050,Taiwan,1310000,10000,3450000,<10000,4130000,8520000,2740000,<10000,20150000
2050,Tajikistan,260000,11800000,190000,<10000,<10000,<10000,<10000,<10000,12280000
2050,Tanzania,93550000,43250000,3190000,50000,<10000,420000,20000,<10000,140470000
2050,Thailand,720000,5610000,210000,120000,61190000,60000,<10000,<10000,67910000
2050,Timor-Leste,3070000,<10000,<10000,<10000,<10000,<10000,<10000,<10000,3080000
2050,Togo,3910000,1490000,690000,<10000,<10000,4500000,60000,<10000,10650000
2050,Tokelau,<10000,<10000,<10000,<10000,<10000,<10000,<10000,<10000,<10000
2050,Tonga,210000,<10000,<10000,<10000,<10000,<10000,<10000,<10000,210000
2050,Trinidad and Tobago,840000,70000,20000,260000,<10000,30000,20000,<10000,1230000
2050,Tunisia,30000,12510000,30000,<10000,<10000,<10000,<10000,<10000,12570000
2050,Turkey,480000,89320000,1080000,<10000,50000,30000,190000,30000,91180000
2050,Turkmenistan,450000,6420000,40000,<10000,<10000,<10000,<10000,<10000,6910000
2050,Turks and Caicos Islands,40000,<10000,<10000,<10000,<10000,<10000,<10000,<10000,40000
2050,Tuvalu,10000,<10000,<10000,<10000,<10000,<10000,<10000,<10000,10000
2050,Uganda,81020000,13370000,490000,290000,<10000,830000,110000,<10000,96120000
2050,Ukraine,32470000,1340000,2420000,70000,30000,30000,10000,20000,36400000
2050,United Arab Emirates,1320000,7510000,100000,980000,280000,30000,60000,<10000,10280000
2050,United Kingdom,31150000,7760000,26710000,1370000,640000,210000,550000,240000,68610000
2050,United States,261960000,8090000,100860000,4780000,5480000,2070000,5760000,5360000,394350000
2050,U.S. Virgin Islands,110000,<10000,<10000,<10000,<10000,<10000,<10000,<10000,110000
2050,Uruguay,2020000,<10000,1500000,<10000,<10000,30000,10000,<10000,3570000
2050,Uzbekistan,530000,35300000,240000,<10000,10000,20000,<10000,<10000,36110000
2050,Vanuatu,480000,<10000,<10000,<10000,<10000,20000,<10000,<10000,510000
2050,Venezuela,36100000,120000,3720000,<10000,<10000,290000,30000,<10000,40270000
2050,Vietnam,9310000,200000,31720000,<10000,16590000,45790000,430000,<10000,104040000
2050,Wallis and Futuna,10000,<10000,<10000,<10000,<10000,<10000,<10000,<10000,10000
2050,Western Sahara,<10000,730000,<10000,<10000,<10000,<10000,<10000,<10000,730000
2050,Yemen,80000,61050000,60000,380000,<10000,<10000,<10000,<10000,61580000
2050,Zambia,43170000,470000,290000,50000,<10000,160000,480000,<10000,44640000
2050,Zimbabwe,16230000,200000,1430000,<10000,<10000,930000,50000,<10000,18850000
2050,South Sudan,12750000,1300000,100000,<10000,<10000,6930000,<10000,<10000,21080000
2050,Curacao,170000,<10000,<10000,<10000,<10000,<10000,<10000,<10000,180000
2050,Sint Maarten,60000,<10000,<10000,<10000,<10000,<10000,<10000,<10000,60000
2050,Caribbean Netherlands,20000,<10000,<10000,<10000,<10000,<10000,<10000,<10000,20000